date;item_id;prediction
2024-01-01;11200;301.32608
2024-01-02;11200;301.79193
2024-01-03;11200;320.77588
2024-01-04;11200;324.97415
2024-01-05;11200;17.153873
2024-01-06;11200;18.262486
2024-01-07;11200;17.54655
2024-01-08;11200;301.32608
2024-01-09;11200;301.79193
2024-01-10;11200;320.77588
2024-01-11;11200;324.97415
2024-01-12;11200;17.153873
2024-01-13;11200;18.262486
2024-01-14;11200;17.54655
2024-01-15;11200;301.32608
2024-01-16;11200;301.79193
2024-01-17;11200;320.77588
2024-01-18;11200;324.97415
2024-01-19;11200;17.153873
2024-01-20;11200;18.262486
2024-01-21;11200;17.54655
2024-01-22;11200;301.32608
2024-01-23;11200;301.79193
2024-01-24;11200;320.77588
2024-01-25;11200;324.97415
2024-01-26;11200;17.153873
2024-01-27;11200;18.262486
2024-01-28;11200;17.54655
2024-01-29;11200;301.32608
2024-01-30;11200;301.79193
2024-01-31;11200;320.77588
2024-01-01;100001;6.908922
2024-01-02;100001;7.3747783
2024-01-03;100001;9.2647915
2024-01-04;100001;9.130701
2024-01-05;100001;8.995568
2024-01-06;100001;10.104175
2024-01-07;100001;9.388238
2024-01-08;100001;6.908922
2024-01-09;100001;7.3747783
2024-01-10;100001;9.2647915
2024-01-11;100001;9.130701
2024-01-12;100001;8.995568
2024-01-13;100001;10.104175
2024-01-14;100001;9.388238
2024-01-15;100001;6.908922
2024-01-16;100001;7.3747783
2024-01-17;100001;9.2647915
2024-01-18;100001;9.130701
2024-01-19;100001;8.995568
2024-01-20;100001;10.104175
2024-01-21;100001;9.388238
2024-01-22;100001;6.908922
2024-01-23;100001;7.3747783
2024-01-24;100001;9.2647915
2024-01-25;100001;9.130701
2024-01-26;100001;8.995568
2024-01-27;100001;10.104175
2024-01-28;100001;9.388238
2024-01-29;100001;6.908922
2024-01-30;100001;7.3747783
2024-01-31;100001;9.2647915
2024-01-01;100003;3.1111293
2024-01-02;100003;3.6463482
2024-01-03;100003;4.4873977
2024-01-04;100003;4.353312
2024-01-05;100003;3.404406
2024-01-06;100003;4.5130115
2024-01-07;100003;3.7970738
2024-01-08;100003;3.1111293
2024-01-09;100003;3.6463482
2024-01-10;100003;4.4873977
2024-01-11;100003;4.353312
2024-01-12;100003;3.404406
2024-01-13;100003;4.5130115
2024-01-14;100003;3.7970738
2024-01-15;100003;3.1111293
2024-01-16;100003;3.6463482
2024-01-17;100003;4.4873977
2024-01-18;100003;4.353312
2024-01-19;100003;3.404406
2024-01-20;100003;4.5130115
2024-01-21;100003;3.7970738
2024-01-22;100003;3.1111293
2024-01-23;100003;3.6463482
2024-01-24;100003;4.4873977
2024-01-25;100003;4.353312
2024-01-26;100003;3.404406
2024-01-27;100003;4.5130115
2024-01-28;100003;3.7970738
2024-01-29;100003;3.1111293
2024-01-30;100003;3.6463482
2024-01-31;100003;4.4873977
2024-01-01;100006;2.6273468
2024-01-02;100006;3.1625643
2024-01-03;100006;4.0036144
2024-01-04;100006;3.8695292
2024-01-05;100006;2.9206226
2024-01-06;100006;4.0292287
2024-01-07;100006;3.313289
2024-01-08;100006;2.6273468
2024-01-09;100006;3.1625643
2024-01-10;100006;4.0036144
2024-01-11;100006;3.8695292
2024-01-12;100006;2.9206226
2024-01-13;100006;4.0292287
2024-01-14;100006;3.313289
2024-01-15;100006;2.6273468
2024-01-16;100006;3.1625643
2024-01-17;100006;4.0036144
2024-01-18;100006;3.8695292
2024-01-19;100006;2.9206226
2024-01-20;100006;4.0292287
2024-01-21;100006;3.313289
2024-01-22;100006;2.6273468
2024-01-23;100006;3.1625643
2024-01-24;100006;4.0036144
2024-01-25;100006;3.8695292
2024-01-26;100006;2.9206226
2024-01-27;100006;4.0292287
2024-01-28;100006;3.313289
2024-01-29;100006;2.6273468
2024-01-30;100006;3.1625643
2024-01-31;100006;4.0036144
2024-01-01;100010;2.8411672
2024-01-02;100010;3.3763847
2024-01-03;100010;4.2174354
2024-01-04;100010;4.0833497
2024-01-05;100010;3.1344433
2024-01-06;100010;4.2430496
2024-01-07;100010;3.5271096
2024-01-08;100010;2.8411672
2024-01-09;100010;3.3763847
2024-01-10;100010;4.2174354
2024-01-11;100010;4.0833497
2024-01-12;100010;3.1344433
2024-01-13;100010;4.2430496
2024-01-14;100010;3.5271096
2024-01-15;100010;2.8411672
2024-01-16;100010;3.3763847
2024-01-17;100010;4.2174354
2024-01-18;100010;4.0833497
2024-01-19;100010;3.1344433
2024-01-20;100010;4.2430496
2024-01-21;100010;3.5271096
2024-01-22;100010;2.8411672
2024-01-23;100010;3.3763847
2024-01-24;100010;4.2174354
2024-01-25;100010;4.0833497
2024-01-26;100010;3.1344433
2024-01-27;100010;4.2430496
2024-01-28;100010;3.5271096
2024-01-29;100010;2.8411672
2024-01-30;100010;3.3763847
2024-01-31;100010;4.2174354
2024-01-01;100035;5.6370597
2024-01-02;100035;6.102916
2024-01-03;100035;6.9439645
2024-01-04;100035;6.809879
2024-01-05;100035;5.794014
2024-01-06;100035;6.7164826
2024-01-07;100035;6.0005465
2024-01-08;100035;5.6370597
2024-01-09;100035;6.102916
2024-01-10;100035;6.9439645
2024-01-11;100035;6.809879
2024-01-12;100035;5.794014
2024-01-13;100035;6.7164826
2024-01-14;100035;6.0005465
2024-01-15;100035;5.6370597
2024-01-16;100035;6.102916
2024-01-17;100035;6.9439645
2024-01-18;100035;6.809879
2024-01-19;100035;5.794014
2024-01-20;100035;6.7164826
2024-01-21;100035;6.0005465
2024-01-22;100035;5.6370597
2024-01-23;100035;6.102916
2024-01-24;100035;6.9439645
2024-01-25;100035;6.809879
2024-01-26;100035;5.794014
2024-01-27;100035;6.7164826
2024-01-28;100035;6.0005465
2024-01-29;100035;5.6370597
2024-01-30;100035;6.102916
2024-01-31;100035;6.9439645
2024-01-01;100045;1.5252475
2024-01-02;100045;1.9911051
2024-01-03;100045;2.8321521
2024-01-04;100045;2.6980667
2024-01-05;100045;1.6822017
2024-01-06;100045;2.7908056
2024-01-07;100045;2.0748665
2024-01-08;100045;1.5252475
2024-01-09;100045;1.9911051
2024-01-10;100045;2.8321521
2024-01-11;100045;2.6980667
2024-01-12;100045;1.6822017
2024-01-13;100045;2.7908056
2024-01-14;100045;2.0748665
2024-01-15;100045;1.5252475
2024-01-16;100045;1.9911051
2024-01-17;100045;2.8321521
2024-01-18;100045;2.6980667
2024-01-19;100045;1.6822017
2024-01-20;100045;2.7908056
2024-01-21;100045;2.0748665
2024-01-22;100045;1.5252475
2024-01-23;100045;1.9911051
2024-01-24;100045;2.8321521
2024-01-25;100045;2.6980667
2024-01-26;100045;1.6822017
2024-01-27;100045;2.7908056
2024-01-28;100045;2.0748665
2024-01-29;100045;1.5252475
2024-01-30;100045;1.9911051
2024-01-31;100045;2.8321521
2024-01-01;100046;1.5252475
2024-01-02;100046;1.9911051
2024-01-03;100046;2.8321521
2024-01-04;100046;2.6980667
2024-01-05;100046;1.6822017
2024-01-06;100046;2.7908056
2024-01-07;100046;2.0748665
2024-01-08;100046;1.5252475
2024-01-09;100046;1.9911051
2024-01-10;100046;2.8321521
2024-01-11;100046;2.6980667
2024-01-12;100046;1.6822017
2024-01-13;100046;2.7908056
2024-01-14;100046;2.0748665
2024-01-15;100046;1.5252475
2024-01-16;100046;1.9911051
2024-01-17;100046;2.8321521
2024-01-18;100046;2.6980667
2024-01-19;100046;1.6822017
2024-01-20;100046;2.7908056
2024-01-21;100046;2.0748665
2024-01-22;100046;1.5252475
2024-01-23;100046;1.9911051
2024-01-24;100046;2.8321521
2024-01-25;100046;2.6980667
2024-01-26;100046;1.6822017
2024-01-27;100046;2.7908056
2024-01-28;100046;2.0748665
2024-01-29;100046;1.5252475
2024-01-30;100046;1.9911051
2024-01-31;100046;2.8321521
2024-01-01;100050;1.5252475
2024-01-02;100050;1.9911051
2024-01-03;100050;2.8321521
2024-01-04;100050;2.6980667
2024-01-05;100050;1.6822017
2024-01-06;100050;2.7908056
2024-01-07;100050;2.0748665
2024-01-08;100050;1.5252475
2024-01-09;100050;1.9911051
2024-01-10;100050;2.8321521
2024-01-11;100050;2.6980667
2024-01-12;100050;1.6822017
2024-01-13;100050;2.7908056
2024-01-14;100050;2.0748665
2024-01-15;100050;1.5252475
2024-01-16;100050;1.9911051
2024-01-17;100050;2.8321521
2024-01-18;100050;2.6980667
2024-01-19;100050;1.6822017
2024-01-20;100050;2.7908056
2024-01-21;100050;2.0748665
2024-01-22;100050;1.5252475
2024-01-23;100050;1.9911051
2024-01-24;100050;2.8321521
2024-01-25;100050;2.6980667
2024-01-26;100050;1.6822017
2024-01-27;100050;2.7908056
2024-01-28;100050;2.0748665
2024-01-29;100050;1.5252475
2024-01-30;100050;1.9911051
2024-01-31;100050;2.8321521
2024-01-01;100126;3.329232
2024-01-02;100126;3.0093844
2024-01-03;100126;1.9334797
2024-01-04;100126;2.27926
2024-01-05;100126;3.5093794
2024-01-06;100126;2.4680414
2024-01-07;100126;2.747366
2024-01-08;100126;3.329232
2024-01-09;100126;1.9911051
2024-01-10;100126;2.8321521
2024-01-11;100126;2.6980667
2024-01-12;100126;1.6822017
2024-01-13;100126;2.7908056
2024-01-14;100126;2.0748665
2024-01-15;100126;1.5252475
2024-01-16;100126;1.9911051
2024-01-17;100126;2.8321521
2024-01-18;100126;2.6980667
2024-01-19;100126;1.6822017
2024-01-20;100126;2.7908056
2024-01-21;100126;2.0748665
2024-01-22;100126;7.3684607
2024-01-23;100126;7.393371
2024-01-24;100126;8.659193
2024-01-25;100126;13.5601635
2024-01-26;100126;14.643334
2024-01-27;100126;13.944617
2024-01-28;100126;11.690384
2024-01-29;100126;7.3684607
2024-01-30;100126;7.393371
2024-01-31;100126;8.659193
2024-01-01;100139;1.5252475
2024-01-02;100139;1.9911051
2024-01-03;100139;2.8321521
2024-01-04;100139;2.6980667
2024-01-05;100139;1.6822017
2024-01-06;100139;2.7908056
2024-01-07;100139;2.0748665
2024-01-08;100139;1.5252475
2024-01-09;100139;2.0496936
2024-01-10;100139;2.1544435
2024-01-11;100139;3.026819
2024-01-12;100139;3.3943312
2024-01-13;100139;2.9930532
2024-01-14;100139;1.4273834
2024-01-15;100139;2.4861622
2024-01-16;100139;2.0496936
2024-01-17;100139;2.1544435
2024-01-18;100139;3.026819
2024-01-19;100139;3.3943312
2024-01-20;100139;2.9930532
2024-01-21;100139;1.4273834
2024-01-22;100139;2.4861622
2024-01-23;100139;1.9911051
2024-01-24;100139;2.8321521
2024-01-25;100139;2.6980667
2024-01-26;100139;1.6822017
2024-01-27;100139;2.7908056
2024-01-28;100139;2.0748665
2024-01-29;100139;1.5252475
2024-01-30;100139;1.9911051
2024-01-31;100139;2.8321521
2024-01-01;100140;2.1622798
2024-01-02;100140;1.8045095
2024-01-03;100140;2.0950098
2024-01-04;100140;2.9673853
2024-01-05;100140;4.021765
2024-01-06;100140;3.9957142
2024-01-07;100140;2.1057422
2024-01-08;100140;2.1622798
2024-01-09;100140;3.518324
2024-01-10;100140;4.3593745
2024-01-11;100140;4.225289
2024-01-12;100140;3.2094212
2024-01-13;100140;4.318027
2024-01-14;100140;3.6020877
2024-01-15;100140;3.0524676
2024-01-16;100140;3.518324
2024-01-17;100140;4.3593745
2024-01-18;100140;4.225289
2024-01-19;100140;3.2094212
2024-01-20;100140;4.318027
2024-01-21;100140;3.6020877
2024-01-22;100140;3.0524676
2024-01-23;100140;1.8045095
2024-01-24;100140;2.0950098
2024-01-25;100140;2.9673853
2024-01-26;100140;4.021765
2024-01-27;100140;3.9957142
2024-01-28;100140;2.1057422
2024-01-29;100140;2.1622798
2024-01-30;100140;1.8045095
2024-01-31;100140;2.0950098
2024-01-01;100165;29.561989
2024-01-02;100165;29.514122
2024-01-03;100165;30.324377
2024-01-04;100165;36.056435
2024-01-05;100165;37.1644
2024-01-06;100165;32.8408
2024-01-07;100165;27.121683
2024-01-08;100165;29.561989
2024-01-09;100165;29.514122
2024-01-10;100165;30.324377
2024-01-11;100165;12.329272
2024-01-12;100165;11.338217
2024-01-13;100165;11.472518
2024-01-14;100165;10.756583
2024-01-15;100165;10.3981285
2024-01-16;100165;10.791211
2024-01-17;100165;11.632263
2024-01-18;100165;12.329272
2024-01-19;100165;11.338217
2024-01-20;100165;11.472518
2024-01-21;100165;10.756583
2024-01-22;100165;10.3981285
2024-01-23;100165;10.791211
2024-01-24;100165;11.632263
2024-01-25;100165;12.329272
2024-01-26;100165;11.338217
2024-01-27;100165;11.472518
2024-01-28;100165;10.756583
2024-01-29;100165;10.3981285
2024-01-30;100165;10.791211
2024-01-31;100165;11.632263
2024-01-01;100176;5.652845
2024-01-02;100176;6.0459247
2024-01-03;100176;6.8869734
2024-01-04;100176;7.209568
2024-01-05;100176;6.2185116
2024-01-06;100176;6.352813
2024-01-07;100176;5.6368756
2024-01-08;100176;5.652845
2024-01-09;100176;6.0459247
2024-01-10;100176;6.8869734
2024-01-11;100176;7.209568
2024-01-12;100176;6.2185116
2024-01-13;100176;6.352813
2024-01-14;100176;5.6368756
2024-01-15;100176;5.652845
2024-01-16;100176;6.0459247
2024-01-17;100176;6.8869734
2024-01-18;100176;7.209568
2024-01-19;100176;6.2185116
2024-01-20;100176;6.352813
2024-01-21;100176;5.6368756
2024-01-22;100176;5.652845
2024-01-23;100176;6.0459247
2024-01-24;100176;6.8869734
2024-01-25;100176;7.209568
2024-01-26;100176;6.2185116
2024-01-27;100176;6.352813
2024-01-28;100176;5.6368756
2024-01-29;100176;5.652845
2024-01-30;100176;6.0459247
2024-01-31;100176;6.8869734
2024-01-01;100181;1.6198727
2024-01-02;100181;2.0129523
2024-01-03;100181;2.7303834
2024-01-04;100181;2.5962975
2024-01-05;100181;1.6052418
2024-01-06;100181;2.921211
2024-01-07;100181;2.2052746
2024-01-08;100181;1.6198727
2024-01-09;100181;2.0129523
2024-01-10;100181;2.7303834
2024-01-11;100181;2.5962975
2024-01-12;100181;1.6052418
2024-01-13;100181;2.921211
2024-01-14;100181;2.2052746
2024-01-15;100181;1.6198727
2024-01-16;100181;2.0129523
2024-01-17;100181;2.7303834
2024-01-18;100181;2.5962975
2024-01-19;100181;1.6052418
2024-01-20;100181;2.921211
2024-01-21;100181;2.2052746
2024-01-22;100181;1.6198727
2024-01-23;100181;2.0129523
2024-01-24;100181;2.7303834
2024-01-25;100181;2.5962975
2024-01-26;100181;1.6052418
2024-01-27;100181;2.921211
2024-01-28;100181;2.2052746
2024-01-29;100181;1.6198727
2024-01-30;100181;2.0129523
2024-01-31;100181;2.7303834
2024-01-01;100182;1.6198727
2024-01-02;100182;2.0129523
2024-01-03;100182;2.7303834
2024-01-04;100182;2.5962975
2024-01-05;100182;1.6052418
2024-01-06;100182;2.921211
2024-01-07;100182;2.2052746
2024-01-08;100182;1.6198727
2024-01-09;100182;2.0129523
2024-01-10;100182;2.7303834
2024-01-11;100182;2.5962975
2024-01-12;100182;1.6052418
2024-01-13;100182;2.921211
2024-01-14;100182;2.2052746
2024-01-15;100182;1.6198727
2024-01-16;100182;2.0129523
2024-01-17;100182;2.7303834
2024-01-18;100182;2.5962975
2024-01-19;100182;1.6052418
2024-01-20;100182;2.921211
2024-01-21;100182;2.2052746
2024-01-22;100182;1.6198727
2024-01-23;100182;2.0129523
2024-01-24;100182;2.7303834
2024-01-25;100182;2.5962975
2024-01-26;100182;1.6052418
2024-01-27;100182;2.921211
2024-01-28;100182;2.2052746
2024-01-29;100182;1.6198727
2024-01-30;100182;2.0129523
2024-01-31;100182;2.7303834
2024-01-01;100184;1.6198727
2024-01-02;100184;2.0129523
2024-01-03;100184;2.7303834
2024-01-04;100184;2.5962975
2024-01-05;100184;1.6052418
2024-01-06;100184;2.921211
2024-01-07;100184;2.2052746
2024-01-08;100184;1.6198727
2024-01-09;100184;2.0129523
2024-01-10;100184;2.7303834
2024-01-11;100184;2.5962975
2024-01-12;100184;1.6052418
2024-01-13;100184;2.921211
2024-01-14;100184;2.2052746
2024-01-15;100184;1.6198727
2024-01-16;100184;2.0129523
2024-01-17;100184;2.7303834
2024-01-18;100184;2.5962975
2024-01-19;100184;1.6052418
2024-01-20;100184;2.921211
2024-01-21;100184;2.2052746
2024-01-22;100184;1.6198727
2024-01-23;100184;2.0129523
2024-01-24;100184;2.7303834
2024-01-25;100184;2.5962975
2024-01-26;100184;1.6052418
2024-01-27;100184;2.921211
2024-01-28;100184;2.2052746
2024-01-29;100184;1.6198727
2024-01-30;100184;7.4769545
2024-01-31;100184;8.619159
2024-01-01;100188;1.4988576
2024-01-02;100188;1.8919382
2024-01-03;100188;2.6093688
2024-01-04;100188;2.475283
2024-01-05;100188;1.4842267
2024-01-06;100188;2.8001964
2024-01-07;100188;2.08426
2024-01-08;100188;1.4988576
2024-01-09;100188;1.8919382
2024-01-10;100188;2.6093688
2024-01-11;100188;2.475283
2024-01-12;100188;1.4842267
2024-01-13;100188;2.8001964
2024-01-14;100188;2.08426
2024-01-15;100188;1.4988576
2024-01-16;100188;1.8919382
2024-01-17;100188;2.6093688
2024-01-18;100188;2.475283
2024-01-19;100188;1.4842267
2024-01-20;100188;2.8001964
2024-01-21;100188;2.08426
2024-01-22;100188;1.4988576
2024-01-23;100188;1.8919382
2024-01-24;100188;2.6093688
2024-01-25;100188;2.475283
2024-01-26;100188;1.4842267
2024-01-27;100188;2.8001964
2024-01-28;100188;2.08426
2024-01-29;100188;1.4988576
2024-01-30;100188;1.8919382
2024-01-31;100188;2.6093688
2024-01-01;100192;1.4988576
2024-01-02;100192;1.8919382
2024-01-03;100192;2.6093688
2024-01-04;100192;2.475283
2024-01-05;100192;1.4842267
2024-01-06;100192;2.8001964
2024-01-07;100192;2.08426
2024-01-08;100192;1.4988576
2024-01-09;100192;1.8919382
2024-01-10;100192;2.6093688
2024-01-11;100192;2.475283
2024-01-12;100192;1.4842267
2024-01-13;100192;2.8001964
2024-01-14;100192;2.08426
2024-01-15;100192;1.4988576
2024-01-16;100192;1.8919382
2024-01-17;100192;2.6093688
2024-01-18;100192;2.475283
2024-01-19;100192;1.4842267
2024-01-20;100192;2.8001964
2024-01-21;100192;2.08426
2024-01-22;100192;1.4988576
2024-01-23;100192;1.8919382
2024-01-24;100192;2.6093688
2024-01-25;100192;2.475283
2024-01-26;100192;1.4842267
2024-01-27;100192;2.8001964
2024-01-28;100192;2.08426
2024-01-29;100192;1.4988576
2024-01-30;100192;1.8919382
2024-01-31;100192;2.6093688
2024-01-01;100193;1.4988576
2024-01-02;100193;1.8919382
2024-01-03;100193;2.6093688
2024-01-04;100193;2.475283
2024-01-05;100193;1.4842267
2024-01-06;100193;2.8001964
2024-01-07;100193;2.08426
2024-01-08;100193;1.4988576
2024-01-09;100193;1.8919382
2024-01-10;100193;2.6093688
2024-01-11;100193;2.475283
2024-01-12;100193;1.4842267
2024-01-13;100193;2.8001964
2024-01-14;100193;2.08426
2024-01-15;100193;1.4988576
2024-01-16;100193;1.8919382
2024-01-17;100193;2.6093688
2024-01-18;100193;2.475283
2024-01-19;100193;1.4842267
2024-01-20;100193;2.8001964
2024-01-21;100193;2.08426
2024-01-22;100193;1.4988576
2024-01-23;100193;1.8919382
2024-01-24;100193;2.6093688
2024-01-25;100193;2.475283
2024-01-26;100193;1.4842267
2024-01-27;100193;2.8001964
2024-01-28;100193;2.08426
2024-01-29;100193;1.4988576
2024-01-30;100193;1.8919382
2024-01-31;100193;2.6093688
2024-01-01;100225;1.4988576
2024-01-02;100225;1.8919382
2024-01-03;100225;2.6093688
2024-01-04;100225;2.475283
2024-01-05;100225;1.4842267
2024-01-06;100225;2.8001964
2024-01-07;100225;2.08426
2024-01-08;100225;1.4988576
2024-01-09;100225;1.8919382
2024-01-10;100225;2.6093688
2024-01-11;100225;2.475283
2024-01-12;100225;1.4842267
2024-01-13;100225;2.8001964
2024-01-14;100225;2.08426
2024-01-15;100225;1.4988576
2024-01-16;100225;1.8919382
2024-01-17;100225;2.6093688
2024-01-18;100225;2.475283
2024-01-19;100225;1.4842267
2024-01-20;100225;2.8001964
2024-01-21;100225;2.08426
2024-01-22;100225;1.4988576
2024-01-23;100225;1.8919382
2024-01-24;100225;2.6093688
2024-01-25;100225;2.475283
2024-01-26;100225;1.4842267
2024-01-27;100225;2.8001964
2024-01-28;100225;2.08426
2024-01-29;100225;1.4988576
2024-01-30;100225;1.8919382
2024-01-31;100225;2.6093688
2024-01-01;100227;1.4988576
2024-01-02;100227;1.8919382
2024-01-03;100227;2.6093688
2024-01-04;100227;2.475283
2024-01-05;100227;1.4842267
2024-01-06;100227;2.8001964
2024-01-07;100227;2.08426
2024-01-08;100227;1.4988576
2024-01-09;100227;1.8919382
2024-01-10;100227;2.6093688
2024-01-11;100227;2.475283
2024-01-12;100227;1.4842267
2024-01-13;100227;2.8001964
2024-01-14;100227;2.08426
2024-01-15;100227;1.4988576
2024-01-16;100227;1.8919382
2024-01-17;100227;2.6093688
2024-01-18;100227;2.475283
2024-01-19;100227;1.4842267
2024-01-20;100227;2.8001964
2024-01-21;100227;2.08426
2024-01-22;100227;1.4988576
2024-01-23;100227;1.8919382
2024-01-24;100227;2.6093688
2024-01-25;100227;2.475283
2024-01-26;100227;1.4842267
2024-01-27;100227;2.8001964
2024-01-28;100227;2.08426
2024-01-29;100227;1.4988576
2024-01-30;100227;1.8919382
2024-01-31;100227;2.6093688
2024-01-01;100228;1.4988576
2024-01-02;100228;1.8919382
2024-01-03;100228;2.6093688
2024-01-04;100228;2.475283
2024-01-05;100228;1.4842267
2024-01-06;100228;2.8001964
2024-01-07;100228;2.08426
2024-01-08;100228;1.4988576
2024-01-09;100228;1.8919382
2024-01-10;100228;2.6093688
2024-01-11;100228;2.475283
2024-01-12;100228;1.4842267
2024-01-13;100228;2.8001964
2024-01-14;100228;2.08426
2024-01-15;100228;1.4988576
2024-01-16;100228;1.8919382
2024-01-17;100228;2.6093688
2024-01-18;100228;2.475283
2024-01-19;100228;1.4842267
2024-01-20;100228;2.8001964
2024-01-21;100228;2.08426
2024-01-22;100228;1.4988576
2024-01-23;100228;1.8919382
2024-01-24;100228;2.6093688
2024-01-25;100228;2.475283
2024-01-26;100228;1.4842267
2024-01-27;100228;2.8001964
2024-01-28;100228;2.08426
2024-01-29;100228;1.4988576
2024-01-30;100228;1.8919382
2024-01-31;100228;2.6093688
2024-01-01;100245;4.723764
2024-01-02;100245;5.1168437
2024-01-03;100245;5.9578924
2024-01-04;100245;5.6738195
2024-01-05;100245;5.0109124
2024-01-06;100245;7.111815
2024-01-07;100245;6.985202
2024-01-08;100245;4.723764
2024-01-09;100245;5.1168437
2024-01-10;100245;5.9578924
2024-01-11;100245;5.6738195
2024-01-12;100245;5.0109124
2024-01-13;100245;7.111815
2024-01-14;100245;6.985202
2024-01-15;100245;4.723764
2024-01-16;100245;5.1168437
2024-01-17;100245;5.9578924
2024-01-18;100245;5.6738195
2024-01-19;100245;5.0109124
2024-01-20;100245;7.111815
2024-01-21;100245;6.985202
2024-01-22;100245;4.723764
2024-01-23;100245;5.1168437
2024-01-24;100245;5.9578924
2024-01-25;100245;5.6738195
2024-01-26;100245;5.0109124
2024-01-27;100245;7.111815
2024-01-28;100245;6.985202
2024-01-29;100245;4.723764
2024-01-30;100245;5.1168437
2024-01-31;100245;5.9578924
2024-01-01;100257;3.5773377
2024-01-02;100257;3.9704192
2024-01-03;100257;4.811467
2024-01-04;100257;4.4416604
2024-01-05;100257;3.450602
2024-01-06;100257;5.6117444
2024-01-07;100257;4.5113387
2024-01-08;100257;3.5773377
2024-01-09;100257;3.9704192
2024-01-10;100257;4.811467
2024-01-11;100257;12.80723
2024-01-12;100257;13.689552
2024-01-13;100257;13.792113
2024-01-14;100257;13.112822
2024-01-15;100257;7.824522
2024-01-16;100257;6.7126913
2024-01-17;100257;7.918254
2024-01-18;100257;4.4416604
2024-01-19;100257;3.450602
2024-01-20;100257;5.6117444
2024-01-21;100257;4.5113387
2024-01-22;100257;3.5773377
2024-01-23;100257;3.9704192
2024-01-24;100257;4.811467
2024-01-25;100257;4.4416604
2024-01-26;100257;3.450602
2024-01-27;100257;5.6117444
2024-01-28;100257;4.5113387
2024-01-29;100257;3.5773377
2024-01-30;100257;3.9704192
2024-01-31;100257;4.811467
2024-01-01;100259;2.6353672
2024-01-02;100259;3.0284488
2024-01-03;100259;3.8694987
2024-01-04;100259;3.4996905
2024-01-05;100259;2.5086331
2024-01-06;100259;4.6697745
2024-01-07;100259;3.5693686
2024-01-08;100259;2.6353672
2024-01-09;100259;3.0284488
2024-01-10;100259;3.8694987
2024-01-11;100259;11.865262
2024-01-12;100259;12.747577
2024-01-13;100259;12.8501425
2024-01-14;100259;12.170852
2024-01-15;100259;6.8825493
2024-01-16;100259;5.770723
2024-01-17;100259;6.9762855
2024-01-18;100259;3.4996905
2024-01-19;100259;2.5086331
2024-01-20;100259;4.6697745
2024-01-21;100259;3.5693686
2024-01-22;100259;2.6353672
2024-01-23;100259;3.0284488
2024-01-24;100259;3.8694987
2024-01-25;100259;3.4996905
2024-01-26;100259;2.5086331
2024-01-27;100259;4.6697745
2024-01-28;100259;3.5693686
2024-01-29;100259;2.6353672
2024-01-30;100259;3.0284488
2024-01-31;100259;3.8694987
2024-01-01;100346;68.24778
2024-01-02;100346;69.77418
2024-01-03;100346;70.61523
2024-01-04;100346;58.536194
2024-01-05;100346;57.017693
2024-01-06;100346;60.520004
2024-01-07;100346;59.41961
2024-01-08;100346;68.24778
2024-01-09;100346;69.77418
2024-01-10;100346;70.61523
2024-01-11;100346;58.536194
2024-01-12;100346;57.017693
2024-01-13;100346;60.520004
2024-01-14;100346;59.41961
2024-01-15;100346;68.24778
2024-01-16;100346;69.77418
2024-01-17;100346;70.61523
2024-01-18;100346;58.536194
2024-01-19;100346;57.017693
2024-01-20;100346;60.520004
2024-01-21;100346;59.41961
2024-01-22;100346;68.24778
2024-01-23;100346;69.77418
2024-01-24;100346;70.61523
2024-01-25;100346;58.536194
2024-01-26;100346;57.017693
2024-01-27;100346;60.520004
2024-01-28;100346;59.41961
2024-01-29;100346;68.24778
2024-01-30;100346;69.77418
2024-01-31;100346;70.61523
2024-01-01;100348;0.99748147
2024-01-02;100348;1.3914622
2024-01-03;100348;2.2325087
2024-01-04;100348;1.7083764
2024-01-05;100348;1.4741504
2024-01-06;100348;3.258336
2024-01-07;100348;2.15793
2024-01-08;100348;0.99748147
2024-01-09;100348;1.3914622
2024-01-10;100348;2.2325087
2024-01-11;100348;1.7083764
2024-01-12;100348;1.4741504
2024-01-13;100348;3.258336
2024-01-14;100348;2.15793
2024-01-15;100348;0.99748147
2024-01-16;100348;1.3914622
2024-01-17;100348;3.8612547
2024-01-18;100348;4.1198483
2024-01-19;100348;2.8099809
2024-01-20;100348;4.0185223
2024-01-21;100348;0.031388666
2024-01-22;100348;3.528761
2024-01-23;100348;3.696238
2024-01-24;100348;3.8612547
2024-01-25;100348;4.1198483
2024-01-26;100348;2.8099809
2024-01-27;100348;4.0185223
2024-01-28;100348;0.031388666
2024-01-29;100348;3.528761
2024-01-30;100348;3.696238
2024-01-31;100348;3.8612547
2024-01-01;100354;1.3505412
2024-01-02;100354;1.3765874
2024-01-03;100354;2.3659093
2024-01-04;100354;2.7804582
2024-01-05;100354;4.0067253
2024-01-06;100354;5.7677817
2024-01-07;100354;3.4946113
2024-01-08;100354;1.3505412
2024-01-09;100354;1.3765874
2024-01-10;100354;2.3659093
2024-01-11;100354;1.7083764
2024-01-12;100354;1.4741504
2024-01-13;100354;3.258336
2024-01-14;100354;2.15793
2024-01-15;100354;0.99748147
2024-01-16;100354;1.3914622
2024-01-17;100354;5.5422487
2024-01-18;100354;5.8008423
2024-01-19;100354;4.549875
2024-01-20;100354;6.281781
2024-01-21;100354;3.5754905
2024-01-22;100354;5.039475
2024-01-23;100354;5.064942
2024-01-24;100354;5.5422487
2024-01-25;100354;5.8008423
2024-01-26;100354;4.549875
2024-01-27;100354;6.281781
2024-01-28;100354;3.5754905
2024-01-29;100354;5.039475
2024-01-30;100354;5.064942
2024-01-31;100354;5.5422487
2024-01-01;100370;0.99748147
2024-01-02;100370;1.3914622
2024-01-03;100370;2.2325087
2024-01-04;100370;1.7083764
2024-01-05;100370;1.4741504
2024-01-06;100370;3.258336
2024-01-07;100370;2.15793
2024-01-08;100370;0.99748147
2024-01-09;100370;1.3914622
2024-01-10;100370;2.2325087
2024-01-11;100370;3.2530768
2024-01-12;100370;4.8296614
2024-01-13;100370;5.234383
2024-01-14;100370;5.4465084
2024-01-15;100370;3.7333128
2024-01-16;100370;3.2164862
2024-01-17;100370;2.942531
2024-01-18;100370;1.7083764
2024-01-19;100370;1.4741504
2024-01-20;100370;3.258336
2024-01-21;100370;2.15793
2024-01-22;100370;0.99748147
2024-01-23;100370;1.3914622
2024-01-24;100370;2.2325087
2024-01-25;100370;1.7083764
2024-01-26;100370;1.4741504
2024-01-27;100370;3.258336
2024-01-28;100370;2.15793
2024-01-29;100370;0.99748147
2024-01-30;100370;1.3914622
2024-01-31;100370;2.2325087
2024-01-01;100375;0.99748147
2024-01-02;100375;1.3914622
2024-01-03;100375;2.2325087
2024-01-04;100375;1.7083764
2024-01-05;100375;1.4741504
2024-01-06;100375;3.258336
2024-01-07;100375;2.15793
2024-01-08;100375;0.99748147
2024-01-09;100375;1.3914622
2024-01-10;100375;2.2325087
2024-01-11;100375;1.7083764
2024-01-12;100375;1.4741504
2024-01-13;100375;3.258336
2024-01-14;100375;2.15793
2024-01-15;100375;0.99748147
2024-01-16;100375;1.3914622
2024-01-17;100375;2.2325087
2024-01-18;100375;1.7083764
2024-01-19;100375;1.4741504
2024-01-20;100375;3.258336
2024-01-21;100375;2.15793
2024-01-22;100375;0.99748147
2024-01-23;100375;1.3914622
2024-01-24;100375;2.2325087
2024-01-25;100375;1.7083764
2024-01-26;100375;1.4741504
2024-01-27;100375;3.258336
2024-01-28;100375;2.15793
2024-01-29;100375;0.99748147
2024-01-30;100375;1.3914622
2024-01-31;100375;2.2325087
2024-01-01;100386;0.99748147
2024-01-02;100386;1.3914622
2024-01-03;100386;2.2325087
2024-01-04;100386;1.7083764
2024-01-05;100386;1.4741504
2024-01-06;100386;3.258336
2024-01-07;100386;2.15793
2024-01-08;100386;0.99748147
2024-01-09;100386;1.3914622
2024-01-10;100386;5.7756085
2024-01-11;100386;6.0342026
2024-01-12;100386;7.899005
2024-01-13;100386;8.427829
2024-01-14;100386;6.4140143
2024-01-15;100386;5.6356535
2024-01-16;100386;5.434365
2024-01-17;100386;5.7756085
2024-01-18;100386;1.7083764
2024-01-19;100386;1.4741504
2024-01-20;100386;3.258336
2024-01-21;100386;2.15793
2024-01-22;100386;0.99748147
2024-01-23;100386;1.3914622
2024-01-24;100386;2.2325087
2024-01-25;100386;1.7083764
2024-01-26;100386;1.4741504
2024-01-27;100386;3.258336
2024-01-28;100386;2.15793
2024-01-29;100386;0.99748147
2024-01-30;100386;1.3914622
2024-01-31;100386;2.2325087
2024-01-01;100390;0.9532511
2024-01-02;100390;0.4279989
2024-01-03;100390;0.19956827
2024-01-04;100390;0.68189704
2024-01-05;100390;1.9521658
2024-01-06;100390;1.8703611
2024-01-07;100390;0.6727541
2024-01-08;100390;0.9532511
2024-01-09;100390;0.4279989
2024-01-10;100390;0.19956827
2024-01-11;100390;1.7083764
2024-01-12;100390;1.4741504
2024-01-13;100390;3.258336
2024-01-14;100390;2.15793
2024-01-15;100390;0.99748147
2024-01-16;100390;1.3914622
2024-01-17;100390;2.2325087
2024-01-18;100390;1.7083764
2024-01-19;100390;1.4741504
2024-01-20;100390;3.258336
2024-01-21;100390;2.15793
2024-01-22;100390;0.99748147
2024-01-23;100390;1.3914622
2024-01-24;100390;2.2325087
2024-01-25;100390;1.7083764
2024-01-26;100390;1.4741504
2024-01-27;100390;3.258336
2024-01-28;100390;2.15793
2024-01-29;100390;0.99748147
2024-01-30;100390;1.3914622
2024-01-31;100390;2.2325087
2024-01-01;100394;0.9532511
2024-01-02;100394;0.4279989
2024-01-03;100394;0.19956827
2024-01-04;100394;0.68189704
2024-01-05;100394;1.9521658
2024-01-06;100394;1.8703611
2024-01-07;100394;0.6727541
2024-01-08;100394;0.9532511
2024-01-09;100394;0.4279989
2024-01-10;100394;0.19956827
2024-01-11;100394;1.7083764
2024-01-12;100394;1.4741504
2024-01-13;100394;3.258336
2024-01-14;100394;2.15793
2024-01-15;100394;0.99748147
2024-01-16;100394;1.3914622
2024-01-17;100394;2.2325087
2024-01-18;100394;1.7083764
2024-01-19;100394;1.4741504
2024-01-20;100394;3.258336
2024-01-21;100394;2.15793
2024-01-22;100394;0.99748147
2024-01-23;100394;1.3914622
2024-01-24;100394;2.2325087
2024-01-25;100394;1.7083764
2024-01-26;100394;1.4741504
2024-01-27;100394;3.258336
2024-01-28;100394;2.15793
2024-01-29;100394;0.99748147
2024-01-30;100394;1.3914622
2024-01-31;100394;2.2325087
2024-01-01;100399;0.99748147
2024-01-02;100399;1.3914622
2024-01-03;100399;2.2325087
2024-01-04;100399;1.7083764
2024-01-05;100399;1.4741504
2024-01-06;100399;3.258336
2024-01-07;100399;2.15793
2024-01-08;100399;0.99748147
2024-01-09;100399;1.3914622
2024-01-10;100399;2.2325087
2024-01-11;100399;1.7083764
2024-01-12;100399;1.4741504
2024-01-13;100399;3.258336
2024-01-14;100399;2.15793
2024-01-15;100399;0.99748147
2024-01-16;100399;1.3914622
2024-01-17;100399;2.2325087
2024-01-18;100399;1.7083764
2024-01-19;100399;1.4741504
2024-01-20;100399;3.258336
2024-01-21;100399;2.15793
2024-01-22;100399;0.99748147
2024-01-23;100399;1.3914622
2024-01-24;100399;2.2325087
2024-01-25;100399;1.7083764
2024-01-26;100399;1.4741504
2024-01-27;100399;3.258336
2024-01-28;100399;2.15793
2024-01-29;100399;0.99748147
2024-01-30;100399;1.3914622
2024-01-31;100399;2.2325087
2024-01-01;100417;0.99748147
2024-01-02;100417;1.3914622
2024-01-03;100417;2.2325087
2024-01-04;100417;1.7083764
2024-01-05;100417;1.4741504
2024-01-06;100417;3.258336
2024-01-07;100417;2.15793
2024-01-08;100417;0.99748147
2024-01-09;100417;1.3914622
2024-01-10;100417;2.2325087
2024-01-11;100417;1.7083764
2024-01-12;100417;1.4741504
2024-01-13;100417;3.258336
2024-01-14;100417;2.15793
2024-01-15;100417;0.99748147
2024-01-16;100417;1.3914622
2024-01-17;100417;2.2325087
2024-01-18;100417;1.7083764
2024-01-19;100417;1.4741504
2024-01-20;100417;3.258336
2024-01-21;100417;2.15793
2024-01-22;100417;0.99748147
2024-01-23;100417;1.3914622
2024-01-24;100417;2.2325087
2024-01-25;100417;1.7083764
2024-01-26;100417;1.4741504
2024-01-27;100417;3.258336
2024-01-28;100417;2.15793
2024-01-29;100417;0.99748147
2024-01-30;100417;1.3914622
2024-01-31;100417;2.2325087
2024-01-01;100418;1.7433661
2024-01-02;100418;2.137347
2024-01-03;100418;2.9783933
2024-01-04;100418;2.4542608
2024-01-05;100418;2.220035
2024-01-06;100418;4.00422
2024-01-07;100418;2.9038146
2024-01-08;100418;1.7433661
2024-01-09;100418;2.137347
2024-01-10;100418;2.9783933
2024-01-11;100418;2.4542608
2024-01-12;100418;2.220035
2024-01-13;100418;4.00422
2024-01-14;100418;2.9038146
2024-01-15;100418;1.7433661
2024-01-16;100418;2.137347
2024-01-17;100418;2.9783933
2024-01-18;100418;2.4542608
2024-01-19;100418;2.220035
2024-01-20;100418;4.00422
2024-01-21;100418;2.9038146
2024-01-22;100418;1.7433661
2024-01-23;100418;2.137347
2024-01-24;100418;2.9783933
2024-01-25;100418;2.4542608
2024-01-26;100418;2.220035
2024-01-27;100418;4.00422
2024-01-28;100418;2.9038146
2024-01-29;100418;1.7433661
2024-01-30;100418;2.137347
2024-01-31;100418;2.9783933
2024-01-01;100448;1.1262926
2024-01-02;100448;1.5202733
2024-01-03;100448;2.3613195
2024-01-04;100448;1.8371873
2024-01-05;100448;1.6029615
2024-01-06;100448;3.387147
2024-01-07;100448;2.2867408
2024-01-08;100448;1.1262926
2024-01-09;100448;1.5202733
2024-01-10;100448;4.0938396
2024-01-11;100448;4.3524356
2024-01-12;100448;6.142338
2024-01-13;100448;6.616639
2024-01-14;100448;3.6595237
2024-01-15;100448;4.27293
2024-01-16;100448;4.0716395
2024-01-17;100448;4.0938396
2024-01-18;100448;1.8371873
2024-01-19;100448;1.6029615
2024-01-20;100448;3.387147
2024-01-21;100448;2.2867408
2024-01-22;100448;1.1262926
2024-01-23;100448;1.5202733
2024-01-24;100448;2.3613195
2024-01-25;100448;1.8371873
2024-01-26;100448;1.6029615
2024-01-27;100448;3.387147
2024-01-28;100448;2.2867408
2024-01-29;100448;1.1262926
2024-01-30;100448;5.5631757
2024-01-31;100448;5.9044194
2024-01-01;100450;1.1262926
2024-01-02;100450;1.5202733
2024-01-03;100450;2.3613195
2024-01-04;100450;1.8371873
2024-01-05;100450;1.6029615
2024-01-06;100450;3.387147
2024-01-07;100450;2.2867408
2024-01-08;100450;1.1262926
2024-01-09;100450;1.5202733
2024-01-10;100450;2.3613195
2024-01-11;100450;1.8371873
2024-01-12;100450;1.6029615
2024-01-13;100450;3.387147
2024-01-14;100450;2.2867408
2024-01-15;100450;1.1262926
2024-01-16;100450;1.5202733
2024-01-17;100450;2.3613195
2024-01-18;100450;1.8371873
2024-01-19;100450;1.6029615
2024-01-20;100450;3.387147
2024-01-21;100450;2.2867408
2024-01-22;100450;1.1262926
2024-01-23;100450;1.5202733
2024-01-24;100450;2.3613195
2024-01-25;100450;1.8371873
2024-01-26;100450;1.6029615
2024-01-27;100450;3.387147
2024-01-28;100450;2.2867408
2024-01-29;100450;1.1262926
2024-01-30;100450;1.5202733
2024-01-31;100450;2.3613195
2024-01-01;100453;7.0872765
2024-01-02;100453;7.481256
2024-01-03;100453;8.322306
2024-01-04;100453;7.7981706
2024-01-05;100453;7.5639443
2024-01-06;100453;9.6442
2024-01-07;100453;8.5437975
2024-01-08;100453;7.0872765
2024-01-09;100453;7.481256
2024-01-10;100453;8.322306
2024-01-11;100453;7.7981706
2024-01-12;100453;7.5639443
2024-01-13;100453;9.6442
2024-01-14;100453;8.5437975
2024-01-15;100453;7.0872765
2024-01-16;100453;7.481256
2024-01-17;100453;8.322306
2024-01-18;100453;7.7981706
2024-01-19;100453;7.5639443
2024-01-20;100453;9.6442
2024-01-21;100453;8.5437975
2024-01-22;100453;7.0872765
2024-01-23;100453;7.481256
2024-01-24;100453;8.322306
2024-01-25;100453;7.7981706
2024-01-26;100453;7.5639443
2024-01-27;100453;9.6442
2024-01-28;100453;8.5437975
2024-01-29;100453;7.0872765
2024-01-30;100453;9.561405
2024-01-31;100453;9.583607
2024-01-01;100454;2.8897626
2024-01-02;100454;3.2837434
2024-01-03;100454;4.1247935
2024-01-04;100454;3.6006598
2024-01-05;100454;3.366431
2024-01-06;100454;5.4466853
2024-01-07;100454;4.346281
2024-01-08;100454;2.8897626
2024-01-09;100454;3.2837434
2024-01-10;100454;4.1247935
2024-01-11;100454;3.6006598
2024-01-12;100454;3.366431
2024-01-13;100454;5.4466853
2024-01-14;100454;4.346281
2024-01-15;100454;2.8897626
2024-01-16;100454;3.2837434
2024-01-17;100454;6.589036
2024-01-18;100454;6.84763
2024-01-19;100454;8.712437
2024-01-20;100454;9.097852
2024-01-21;100454;7.072106
2024-01-22;100454;6.200956
2024-01-23;100454;6.15399
2024-01-24;100454;6.589036
2024-01-25;100454;6.84763
2024-01-26;100454;8.712437
2024-01-27;100454;9.097852
2024-01-28;100454;7.072106
2024-01-29;100454;6.200956
2024-01-30;100454;6.15399
2024-01-31;100454;6.589036
2024-01-01;100455;2.0301766
2024-01-02;100455;2.4241574
2024-01-03;100455;3.2652056
2024-01-04;100455;2.7410731
2024-01-05;100455;2.506845
2024-01-06;100455;4.4095473
2024-01-07;100455;3.3091419
2024-01-08;100455;2.0301766
2024-01-09;100455;2.4241574
2024-01-10;100455;3.2652056
2024-01-11;100455;2.7410731
2024-01-12;100455;2.506845
2024-01-13;100455;4.4095473
2024-01-14;100455;3.3091419
2024-01-15;100455;2.0301766
2024-01-16;100455;2.4241574
2024-01-17;100455;3.2652056
2024-01-18;100455;2.7410731
2024-01-19;100455;2.506845
2024-01-20;100455;4.4095473
2024-01-21;100455;3.3091419
2024-01-22;100455;2.0301766
2024-01-23;100455;2.4241574
2024-01-24;100455;3.2652056
2024-01-25;100455;2.7410731
2024-01-26;100455;2.506845
2024-01-27;100455;4.4095473
2024-01-28;100455;3.3091419
2024-01-29;100455;2.0301766
2024-01-30;100455;2.4241574
2024-01-31;100455;3.2652056
2024-01-01;100462;1.97493
2024-01-02;100462;2.368911
2024-01-03;100462;3.2099593
2024-01-04;100462;2.6858268
2024-01-05;100462;2.4515986
2024-01-06;100462;4.354301
2024-01-07;100462;3.2538955
2024-01-08;100462;1.97493
2024-01-09;100462;2.368911
2024-01-10;100462;3.2099593
2024-01-11;100462;2.6858268
2024-01-12;100462;2.4515986
2024-01-13;100462;4.354301
2024-01-14;100462;3.2538955
2024-01-15;100462;1.97493
2024-01-16;100462;2.368911
2024-01-17;100462;3.2099593
2024-01-18;100462;2.6858268
2024-01-19;100462;2.4515986
2024-01-20;100462;4.354301
2024-01-21;100462;3.2538955
2024-01-22;100462;1.97493
2024-01-23;100462;2.368911
2024-01-24;100462;3.2099593
2024-01-25;100462;2.6858268
2024-01-26;100462;2.4515986
2024-01-27;100462;4.354301
2024-01-28;100462;3.2538955
2024-01-29;100462;1.97493
2024-01-30;100462;2.368911
2024-01-31;100462;3.2099593
2024-01-01;100469;3.4583275
2024-01-02;100469;3.8523088
2024-01-03;100469;6.1783137
2024-01-04;100469;5.6541815
2024-01-05;100469;5.482926
2024-01-06;100469;7.5631776
2024-01-07;100469;7.3912935
2024-01-08;100469;3.4583275
2024-01-09;100469;3.8523088
2024-01-10;100469;6.1783137
2024-01-11;100469;5.6541815
2024-01-12;100469;5.482926
2024-01-13;100469;7.5631776
2024-01-14;100469;7.3912935
2024-01-15;100469;3.4583275
2024-01-16;100469;3.8523088
2024-01-17;100469;6.1783137
2024-01-18;100469;5.6541815
2024-01-19;100469;5.482926
2024-01-20;100469;7.5631776
2024-01-21;100469;7.3912935
2024-01-22;100469;3.4583275
2024-01-23;100469;3.8523088
2024-01-24;100469;6.1783137
2024-01-25;100469;5.6541815
2024-01-26;100469;5.482926
2024-01-27;100469;7.5631776
2024-01-28;100469;7.3912935
2024-01-29;100469;3.4583275
2024-01-30;100469;3.8523088
2024-01-31;100469;6.1783137
2024-01-01;100470;4.1178546
2024-01-02;100470;4.511838
2024-01-03;100470;5.3528867
2024-01-04;100470;4.828754
2024-01-05;100470;4.9610844
2024-01-06;100470;7.041336
2024-01-07;100470;5.940931
2024-01-08;100470;4.1178546
2024-01-09;100470;5.1551037
2024-01-10;100470;5.436082
2024-01-11;100470;5.9184103
2024-01-12;100470;7.4560523
2024-01-13;100470;7.9171977
2024-01-14;100470;7.8627925
2024-01-15;100470;5.6803555
2024-01-16;100470;5.1551037
2024-01-17;100470;5.436082
2024-01-18;100470;8.985649
2024-01-19;100470;11.217007
2024-01-20;100470;11.608899
2024-01-21;100470;9.896481
2024-01-22;100470;8.338979
2024-01-23;100470;8.292014
2024-01-24;100470;8.727056
2024-01-25;100470;8.985649
2024-01-26;100470;11.217007
2024-01-27;100470;11.608899
2024-01-28;100470;9.896481
2024-01-29;100470;8.338979
2024-01-30;100470;7.2431917
2024-01-31;100470;7.5844364
2024-01-01;100471;4.300372
2024-01-02;100471;4.652862
2024-01-03;100471;5.493911
2024-01-04;100471;4.969778
2024-01-05;100471;5.1021085
2024-01-06;100471;7.18236
2024-01-07;100471;6.081955
2024-01-08;100471;4.300372
2024-01-09;100471;5.296128
2024-01-10;100471;5.577106
2024-01-11;100471;6.0594344
2024-01-12;100471;7.5970764
2024-01-13;100471;8.058221
2024-01-14;100471;8.003817
2024-01-15;100471;5.862873
2024-01-16;100471;5.296128
2024-01-17;100471;5.577106
2024-01-18;100471;9.126673
2024-01-19;100471;11.35803
2024-01-20;100471;11.749923
2024-01-21;100471;10.037504
2024-01-22;100471;8.521497
2024-01-23;100471;8.433038
2024-01-24;100471;8.868079
2024-01-25;100471;9.126673
2024-01-26;100471;11.35803
2024-01-27;100471;11.749923
2024-01-28;100471;10.037504
2024-01-29;100471;8.521497
2024-01-30;100471;7.384216
2024-01-31;100471;7.7254605
2024-01-01;100473;3.8869722
2024-01-02;100473;4.239461
2024-01-03;100473;5.0805097
2024-01-04;100473;4.556377
2024-01-05;100473;4.6887074
2024-01-06;100473;6.768959
2024-01-07;100473;5.668554
2024-01-08;100473;3.8869722
2024-01-09;100473;4.239461
2024-01-10;100473;5.0805097
2024-01-11;100473;4.556377
2024-01-12;100473;4.6887074
2024-01-13;100473;6.768959
2024-01-14;100473;5.668554
2024-01-15;100473;3.8869722
2024-01-16;100473;4.239461
2024-01-17;100473;5.0805097
2024-01-18;100473;4.556377
2024-01-19;100473;4.6887074
2024-01-20;100473;6.768959
2024-01-21;100473;5.668554
2024-01-22;100473;3.8869722
2024-01-23;100473;4.239461
2024-01-24;100473;5.0805097
2024-01-25;100473;4.556377
2024-01-26;100473;4.6887074
2024-01-27;100473;6.768959
2024-01-28;100473;5.668554
2024-01-29;100473;3.8869722
2024-01-30;100473;8.454491
2024-01-31;100473;8.795733
2024-01-01;100474;3.8869722
2024-01-02;100474;4.239461
2024-01-03;100474;5.0805097
2024-01-04;100474;4.556377
2024-01-05;100474;4.6887074
2024-01-06;100474;6.768959
2024-01-07;100474;5.668554
2024-01-08;100474;3.8869722
2024-01-09;100474;4.239461
2024-01-10;100474;5.0805097
2024-01-11;100474;4.556377
2024-01-12;100474;4.6887074
2024-01-13;100474;6.768959
2024-01-14;100474;5.668554
2024-01-15;100474;3.8869722
2024-01-16;100474;4.239461
2024-01-17;100474;5.0805097
2024-01-18;100474;4.556377
2024-01-19;100474;4.6887074
2024-01-20;100474;6.768959
2024-01-21;100474;5.668554
2024-01-22;100474;3.8869722
2024-01-23;100474;4.239461
2024-01-24;100474;5.0805097
2024-01-25;100474;4.556377
2024-01-26;100474;4.6887074
2024-01-27;100474;6.768959
2024-01-28;100474;5.668554
2024-01-29;100474;3.8869722
2024-01-30;100474;8.454491
2024-01-31;100474;8.795733
2024-01-01;100486;3.8869722
2024-01-02;100486;4.239461
2024-01-03;100486;5.0805097
2024-01-04;100486;4.556377
2024-01-05;100486;4.6887074
2024-01-06;100486;6.768959
2024-01-07;100486;5.668554
2024-01-08;100486;3.8869722
2024-01-09;100486;4.239461
2024-01-10;100486;5.0805097
2024-01-11;100486;4.556377
2024-01-12;100486;4.6887074
2024-01-13;100486;6.768959
2024-01-14;100486;5.668554
2024-01-15;100486;3.8869722
2024-01-16;100486;4.239461
2024-01-17;100486;5.0805097
2024-01-18;100486;4.556377
2024-01-19;100486;4.6887074
2024-01-20;100486;6.768959
2024-01-21;100486;5.668554
2024-01-22;100486;3.8869722
2024-01-23;100486;4.239461
2024-01-24;100486;5.0805097
2024-01-25;100486;4.556377
2024-01-26;100486;4.6887074
2024-01-27;100486;6.768959
2024-01-28;100486;5.668554
2024-01-29;100486;3.8869722
2024-01-30;100486;4.239461
2024-01-31;100486;5.0805097
2024-01-01;100487;3.9177322
2024-01-02;100487;4.270221
2024-01-03;100487;5.11127
2024-01-04;100487;4.6146097
2024-01-05;100487;4.74694
2024-01-06;100487;6.827192
2024-01-07;100487;5.9363856
2024-01-08;100487;3.9177322
2024-01-09;100487;4.270221
2024-01-10;100487;5.11127
2024-01-11;100487;4.6146097
2024-01-12;100487;4.74694
2024-01-13;100487;6.827192
2024-01-14;100487;5.9363856
2024-01-15;100487;3.9177322
2024-01-16;100487;4.270221
2024-01-17;100487;5.11127
2024-01-18;100487;4.6146097
2024-01-19;100487;4.74694
2024-01-20;100487;6.827192
2024-01-21;100487;5.9363856
2024-01-22;100487;3.9177322
2024-01-23;100487;4.270221
2024-01-24;100487;5.11127
2024-01-25;100487;4.6146097
2024-01-26;100487;4.74694
2024-01-27;100487;6.827192
2024-01-28;100487;5.9363856
2024-01-29;100487;3.9177322
2024-01-30;100487;4.270221
2024-01-31;100487;5.11127
2024-01-01;100510;3.8752792
2024-01-02;100510;4.227768
2024-01-03;100510;5.0688167
2024-01-04;100510;4.5721564
2024-01-05;100510;4.532548
2024-01-06;100510;6.6127996
2024-01-07;100510;5.5123944
2024-01-08;100510;3.8752792
2024-01-09;100510;4.227768
2024-01-10;100510;5.0688167
2024-01-11;100510;4.5721564
2024-01-12;100510;4.532548
2024-01-13;100510;6.6127996
2024-01-14;100510;5.5123944
2024-01-15;100510;3.8752792
2024-01-16;100510;4.227768
2024-01-17;100510;5.0688167
2024-01-18;100510;4.5721564
2024-01-19;100510;4.532548
2024-01-20;100510;6.6127996
2024-01-21;100510;5.5123944
2024-01-22;100510;3.8752792
2024-01-23;100510;4.227768
2024-01-24;100510;5.0688167
2024-01-25;100510;4.5721564
2024-01-26;100510;4.532548
2024-01-27;100510;6.6127996
2024-01-28;100510;5.5123944
2024-01-29;100510;3.8752792
2024-01-30;100510;4.227768
2024-01-31;100510;5.0688167
2024-01-01;100516;5.054361
2024-01-02;100516;5.0389132
2024-01-03;100516;5.9224124
2024-01-04;100516;6.7025356
2024-01-05;100516;7.3647017
2024-01-06;100516;8.921809
2024-01-07;100516;6.648639
2024-01-08;100516;5.054361
2024-01-09;100516;5.0389132
2024-01-10;100516;5.9224124
2024-01-11;100516;4.3727126
2024-01-12;100516;3.574385
2024-01-13;100516;5.6546364
2024-01-14;100516;4.554231
2024-01-15;100516;3.5014424
2024-01-16;100516;3.8539333
2024-01-17;100516;4.69498
2024-01-18;100516;4.3727126
2024-01-19;100516;3.574385
2024-01-20;100516;5.6546364
2024-01-21;100516;4.554231
2024-01-22;100516;3.5014424
2024-01-23;100516;3.8539333
2024-01-24;100516;4.69498
2024-01-25;100516;4.3727126
2024-01-26;100516;3.574385
2024-01-27;100516;5.6546364
2024-01-28;100516;4.554231
2024-01-29;100516;3.5014424
2024-01-30;100516;3.8539333
2024-01-31;100516;4.69498
2024-01-01;100517;3.5014424
2024-01-02;100517;3.8539333
2024-01-03;100517;4.69498
2024-01-04;100517;4.3727126
2024-01-05;100517;3.574385
2024-01-06;100517;5.6546364
2024-01-07;100517;4.554231
2024-01-08;100517;3.5014424
2024-01-09;100517;3.8539333
2024-01-10;100517;4.69498
2024-01-11;100517;4.3727126
2024-01-12;100517;3.574385
2024-01-13;100517;5.6546364
2024-01-14;100517;4.554231
2024-01-15;100517;3.5014424
2024-01-16;100517;3.8539333
2024-01-17;100517;4.69498
2024-01-18;100517;4.3046284
2024-01-19;100517;4.709657
2024-01-20;100517;4.8069615
2024-01-21;100517;5.645124
2024-01-22;100517;5.3371058
2024-01-23;100517;4.9038897
2024-01-24;100517;4.1470294
2024-01-25;100517;4.3046284
2024-01-26;100517;4.709657
2024-01-27;100517;4.8069615
2024-01-28;100517;5.645124
2024-01-29;100517;5.3371058
2024-01-30;100517;4.9038897
2024-01-31;100517;4.1470294
2024-01-01;100523;4.0329037
2024-01-02;100523;4.385394
2024-01-03;100523;5.226443
2024-01-04;100523;4.9041753
2024-01-05;100523;5.644917
2024-01-06;100523;8.041288
2024-01-07;100523;6.940885
2024-01-08;100523;4.0329037
2024-01-09;100523;4.385394
2024-01-10;100523;5.226443
2024-01-11;100523;4.9041753
2024-01-12;100523;5.644917
2024-01-13;100523;8.041288
2024-01-14;100523;6.940885
2024-01-15;100523;4.0329037
2024-01-16;100523;4.385394
2024-01-17;100523;5.226443
2024-01-18;100523;5.1633983
2024-01-19;100523;7.1074963
2024-01-20;100523;7.5209227
2024-01-21;100523;8.359088
2024-01-22;100523;6.1958756
2024-01-23;100523;5.7626595
2024-01-24;100523;5.0057993
2024-01-25;100523;5.1633983
2024-01-26;100523;7.1074963
2024-01-27;100523;7.5209227
2024-01-28;100523;8.359088
2024-01-29;100523;6.1958756
2024-01-30;100523;5.7626595
2024-01-31;100523;5.0057993
2024-01-01;100524;3.8661535
2024-01-02;100524;4.218643
2024-01-03;100524;5.059692
2024-01-04;100524;4.7374244
2024-01-05;100524;5.644917
2024-01-06;100524;8.041288
2024-01-07;100524;6.940885
2024-01-08;100524;3.8661535
2024-01-09;100524;4.218643
2024-01-10;100524;5.059692
2024-01-11;100524;4.7374244
2024-01-12;100524;5.644917
2024-01-13;100524;8.041288
2024-01-14;100524;6.940885
2024-01-15;100524;3.8661535
2024-01-16;100524;4.218643
2024-01-17;100524;5.059692
2024-01-18;100524;4.996648
2024-01-19;100524;7.1074963
2024-01-20;100524;7.5209227
2024-01-21;100524;8.359088
2024-01-22;100524;6.0291243
2024-01-23;100524;5.595908
2024-01-24;100524;4.839048
2024-01-25;100524;4.996648
2024-01-26;100524;7.1074963
2024-01-27;100524;7.5209227
2024-01-28;100524;8.359088
2024-01-29;100524;6.0291243
2024-01-30;100524;5.595908
2024-01-31;100524;4.839048
2024-01-01;100525;3.2021835
2024-01-02;100525;3.5546727
2024-01-03;100525;4.3957214
2024-01-04;100525;4.073454
2024-01-05;100525;4.9809465
2024-01-06;100525;7.3773193
2024-01-07;100525;6.2769146
2024-01-08;100525;3.2021835
2024-01-09;100525;3.5546727
2024-01-10;100525;4.3957214
2024-01-11;100525;4.073454
2024-01-12;100525;4.9809465
2024-01-13;100525;7.3773193
2024-01-14;100525;6.2769146
2024-01-15;100525;3.2021835
2024-01-16;100525;3.5546727
2024-01-17;100525;4.3957214
2024-01-18;100525;4.332677
2024-01-19;100525;6.4435263
2024-01-20;100525;6.856952
2024-01-21;100525;7.695113
2024-01-22;100525;5.3651543
2024-01-23;100525;4.931938
2024-01-24;100525;4.175078
2024-01-25;100525;4.332677
2024-01-26;100525;6.4435263
2024-01-27;100525;6.856952
2024-01-28;100525;7.695113
2024-01-29;100525;5.3651543
2024-01-30;100525;4.931938
2024-01-31;100525;4.175078
2024-01-01;100526;3.2021835
2024-01-02;100526;3.5546727
2024-01-03;100526;4.3957214
2024-01-04;100526;4.073454
2024-01-05;100526;4.9809465
2024-01-06;100526;7.3773193
2024-01-07;100526;6.2769146
2024-01-08;100526;3.2021835
2024-01-09;100526;3.5546727
2024-01-10;100526;4.3957214
2024-01-11;100526;4.073454
2024-01-12;100526;4.9809465
2024-01-13;100526;7.3773193
2024-01-14;100526;6.2769146
2024-01-15;100526;3.2021835
2024-01-16;100526;3.5546727
2024-01-17;100526;4.3957214
2024-01-18;100526;4.332677
2024-01-19;100526;6.4435263
2024-01-20;100526;6.856952
2024-01-21;100526;7.695113
2024-01-22;100526;5.3651543
2024-01-23;100526;4.931938
2024-01-24;100526;4.175078
2024-01-25;100526;4.332677
2024-01-26;100526;6.4435263
2024-01-27;100526;6.856952
2024-01-28;100526;7.695113
2024-01-29;100526;5.3651543
2024-01-30;100526;4.931938
2024-01-31;100526;4.175078
2024-01-01;100528;3.2021835
2024-01-02;100528;3.5546727
2024-01-03;100528;4.3957214
2024-01-04;100528;4.073454
2024-01-05;100528;4.9809465
2024-01-06;100528;7.098492
2024-01-07;100528;5.9980874
2024-01-08;100528;3.2021835
2024-01-09;100528;3.5546727
2024-01-10;100528;4.3957214
2024-01-11;100528;4.073454
2024-01-12;100528;4.9809465
2024-01-13;100528;7.098492
2024-01-14;100528;5.9980874
2024-01-15;100528;3.2021835
2024-01-16;100528;3.5546727
2024-01-17;100528;4.3957214
2024-01-18;100528;4.332677
2024-01-19;100528;6.4435263
2024-01-20;100528;6.5781255
2024-01-21;100528;7.4162874
2024-01-22;100528;5.3651543
2024-01-23;100528;4.931938
2024-01-24;100528;4.175078
2024-01-25;100528;4.332677
2024-01-26;100528;6.4435263
2024-01-27;100528;6.5781255
2024-01-28;100528;7.4162874
2024-01-29;100528;5.3651543
2024-01-30;100528;4.931938
2024-01-31;100528;4.175078
2024-01-01;100530;2.0079944
2024-01-02;100530;2.3604834
2024-01-03;100530;3.2015321
2024-01-04;100530;2.879265
2024-01-05;100530;3.7867558
2024-01-06;100530;5.904302
2024-01-07;100530;4.8038974
2024-01-08;100530;2.0079944
2024-01-09;100530;2.3604834
2024-01-10;100530;3.2015321
2024-01-11;100530;2.879265
2024-01-12;100530;3.7867558
2024-01-13;100530;5.904302
2024-01-14;100530;4.8038974
2024-01-15;100530;2.0079944
2024-01-16;100530;2.3604834
2024-01-17;100530;3.2015321
2024-01-18;100530;2.879265
2024-01-19;100530;3.7867558
2024-01-20;100530;5.904302
2024-01-21;100530;4.8038974
2024-01-22;100530;2.0079944
2024-01-23;100530;2.3604834
2024-01-24;100530;3.2015321
2024-01-25;100530;2.879265
2024-01-26;100530;3.7867558
2024-01-27;100530;5.904302
2024-01-28;100530;4.8038974
2024-01-29;100530;2.0079944
2024-01-30;100530;2.3604834
2024-01-31;100530;3.2015321
2024-01-01;100544;6.1154857
2024-01-02;100544;6.4679723
2024-01-03;100544;7.309021
2024-01-04;100544;6.9867535
2024-01-05;100544;9.902552
2024-01-06;100544;12.564061
2024-01-07;100544;11.463659
2024-01-08;100544;6.1154857
2024-01-09;100544;6.4679723
2024-01-10;100544;7.309021
2024-01-11;100544;2.6756213
2024-01-12;100544;7.680849
2024-01-13;100544;8.956343
2024-01-14;100544;7.6904335
2024-01-15;100544;3.591386
2024-01-16;100544;3.2537763
2024-01-17;100544;2.5064356
2024-01-18;100544;6.9867535
2024-01-19;100544;9.902552
2024-01-20;100544;12.564061
2024-01-21;100544;11.463659
2024-01-22;100544;6.1154857
2024-01-23;100544;6.4679723
2024-01-24;100544;7.309021
2024-01-25;100544;6.9867535
2024-01-26;100544;9.902552
2024-01-27;100544;12.564061
2024-01-28;100544;11.463659
2024-01-29;100544;6.1154857
2024-01-30;100544;6.4679723
2024-01-31;100544;7.309021
2024-01-01;100545;5.92866
2024-01-02;100545;6.2811465
2024-01-03;100545;7.1221952
2024-01-04;100545;6.7999277
2024-01-05;100545;9.041124
2024-01-06;100545;11.751262
2024-01-07;100545;10.65086
2024-01-08;100545;5.92866
2024-01-09;100545;6.2811465
2024-01-10;100545;7.1221952
2024-01-11;100545;2.3250403
2024-01-12;100545;5.868776
2024-01-13;100545;6.3490868
2024-01-14;100545;6.0440445
2024-01-15;100545;3.9211886
2024-01-16;100545;3.487973
2024-01-17;100545;2.2217035
2024-01-18;100545;6.7999277
2024-01-19;100545;9.041124
2024-01-20;100545;11.751262
2024-01-21;100545;10.65086
2024-01-22;100545;5.92866
2024-01-23;100545;6.2811465
2024-01-24;100545;7.1221952
2024-01-25;100545;6.7999277
2024-01-26;100545;9.041124
2024-01-27;100545;11.751262
2024-01-28;100545;10.65086
2024-01-29;100545;5.92866
2024-01-30;100545;6.2811465
2024-01-31;100545;7.1221952
2024-01-01;100547;1.1250186
2024-01-02;100547;1.4775056
2024-01-03;100547;2.2315698
2024-01-04;100547;1.9093025
2024-01-05;100547;3.2058372
2024-01-06;100547;5.9159803
2024-01-07;100547;4.815575
2024-01-08;100547;1.1250186
2024-01-09;100547;1.4775056
2024-01-10;100547;2.2315698
2024-01-11;100547;1.9093025
2024-01-12;100547;3.2058372
2024-01-13;100547;5.9159803
2024-01-14;100547;4.815575
2024-01-15;100547;1.1250186
2024-01-16;100547;1.4775056
2024-01-17;100547;2.2315698
2024-01-18;100547;1.9093025
2024-01-19;100547;3.2058372
2024-01-20;100547;5.9159803
2024-01-21;100547;4.815575
2024-01-22;100547;1.1250186
2024-01-23;100547;1.4775056
2024-01-24;100547;2.2315698
2024-01-25;100547;1.9093025
2024-01-26;100547;3.2058372
2024-01-27;100547;5.9159803
2024-01-28;100547;4.815575
2024-01-29;100547;1.1250186
2024-01-30;100547;1.4775056
2024-01-31;100547;2.2315698
2024-01-01;100551;4.361113
2024-01-02;100551;4.345665
2024-01-03;100551;5.1421824
2024-01-04;100551;5.9223056
2024-01-05;100551;8.679333
2024-01-06;100551;10.866336
2024-01-07;100551;8.593163
2024-01-08;100551;4.361113
2024-01-09;100551;4.345665
2024-01-10;100551;5.1421824
2024-01-11;100551;2.6932535
2024-01-12;100551;3.9897892
2024-01-13;100551;6.6999307
2024-01-14;100551;5.5995255
2024-01-15;100551;1.9089684
2024-01-16;100551;2.2614558
2024-01-17;100551;3.015521
2024-01-18;100551;2.6932535
2024-01-19;100551;3.9897892
2024-01-20;100551;6.6999307
2024-01-21;100551;5.5995255
2024-01-22;100551;1.9089684
2024-01-23;100551;2.2614558
2024-01-24;100551;3.015521
2024-01-25;100551;2.6932535
2024-01-26;100551;3.9897892
2024-01-27;100551;6.6999307
2024-01-28;100551;5.5995255
2024-01-29;100551;1.9089684
2024-01-30;100551;2.2614558
2024-01-31;100551;3.015521
2024-01-01;100553;1.9089684
2024-01-02;100553;2.2614558
2024-01-03;100553;3.015521
2024-01-04;100553;2.6932535
2024-01-05;100553;3.9897892
2024-01-06;100553;6.6999307
2024-01-07;100553;5.5995255
2024-01-08;100553;1.9089684
2024-01-09;100553;2.2614558
2024-01-10;100553;3.015521
2024-01-11;100553;2.6932535
2024-01-12;100553;3.9897892
2024-01-13;100553;6.6999307
2024-01-14;100553;5.5995255
2024-01-15;100553;1.9089684
2024-01-16;100553;2.2614558
2024-01-17;100553;3.015521
2024-01-18;100553;2.6932535
2024-01-19;100553;3.9897892
2024-01-20;100553;6.6999307
2024-01-21;100553;5.5995255
2024-01-22;100553;1.9089684
2024-01-23;100553;2.2614558
2024-01-24;100553;3.015521
2024-01-25;100553;2.6932535
2024-01-26;100553;3.9897892
2024-01-27;100553;6.6999307
2024-01-28;100553;5.5995255
2024-01-29;100553;1.9089684
2024-01-30;100553;2.2614558
2024-01-31;100553;3.015521
2024-01-01;100554;1.2366171
2024-01-02;100554;1.5891037
2024-01-03;100554;2.3431685
2024-01-04;100554;2.020901
2024-01-05;100554;3.3174353
2024-01-06;100554;6.027579
2024-01-07;100554;5.4144425
2024-01-08;100554;1.2366171
2024-01-09;100554;1.5891037
2024-01-10;100554;2.3431685
2024-01-11;100554;2.020901
2024-01-12;100554;3.3174353
2024-01-13;100554;6.027579
2024-01-14;100554;5.4144425
2024-01-15;100554;1.2366171
2024-01-16;100554;1.5891037
2024-01-17;100554;2.3431685
2024-01-18;100554;2.020901
2024-01-19;100554;3.3174353
2024-01-20;100554;6.027579
2024-01-21;100554;5.4144425
2024-01-22;100554;1.2366171
2024-01-23;100554;1.5891037
2024-01-24;100554;2.3431685
2024-01-25;100554;2.020901
2024-01-26;100554;3.3174353
2024-01-27;100554;6.027579
2024-01-28;100554;5.4144425
2024-01-29;100554;1.2366171
2024-01-30;100554;1.5891037
2024-01-31;100554;2.3431685
2024-01-01;100556;1.2366171
2024-01-02;100556;1.5891037
2024-01-03;100556;2.3431685
2024-01-04;100556;2.020901
2024-01-05;100556;3.3174353
2024-01-06;100556;6.027579
2024-01-07;100556;5.4144425
2024-01-08;100556;1.2366171
2024-01-09;100556;1.5891037
2024-01-10;100556;2.3431685
2024-01-11;100556;2.020901
2024-01-12;100556;3.3174353
2024-01-13;100556;6.027579
2024-01-14;100556;5.4144425
2024-01-15;100556;1.2366171
2024-01-16;100556;1.5891037
2024-01-17;100556;2.3431685
2024-01-18;100556;2.020901
2024-01-19;100556;3.3174353
2024-01-20;100556;6.027579
2024-01-21;100556;5.4144425
2024-01-22;100556;1.2366171
2024-01-23;100556;1.5891037
2024-01-24;100556;2.3431685
2024-01-25;100556;2.020901
2024-01-26;100556;3.3174353
2024-01-27;100556;6.027579
2024-01-28;100556;5.4144425
2024-01-29;100556;1.2366171
2024-01-30;100556;1.5891037
2024-01-31;100556;2.3431685
2024-01-01;100558;1.4605714
2024-01-02;100558;1.813058
2024-01-03;100558;2.5671227
2024-01-04;100558;2.2448552
2024-01-05;100558;3.5413895
2024-01-06;100558;6.251533
2024-01-07;100558;5.6383967
2024-01-08;100558;1.4605714
2024-01-09;100558;1.813058
2024-01-10;100558;2.5671227
2024-01-11;100558;2.2448552
2024-01-12;100558;3.5413895
2024-01-13;100558;6.251533
2024-01-14;100558;5.6383967
2024-01-15;100558;1.4605714
2024-01-16;100558;1.813058
2024-01-17;100558;2.5671227
2024-01-18;100558;2.2448552
2024-01-19;100558;3.5413895
2024-01-20;100558;6.251533
2024-01-21;100558;5.6383967
2024-01-22;100558;1.4605714
2024-01-23;100558;1.813058
2024-01-24;100558;2.5671227
2024-01-25;100558;2.2448552
2024-01-26;100558;3.5413895
2024-01-27;100558;6.251533
2024-01-28;100558;5.6383967
2024-01-29;100558;1.4605714
2024-01-30;100558;1.813058
2024-01-31;100558;2.5671227
2024-01-01;100590;13.757791
2024-01-02;100590;14.110278
2024-01-03;100590;16.020876
2024-01-04;100590;15.698604
2024-01-05;100590;21.700983
2024-01-06;100590;24.411118
2024-01-07;100590;23.310709
2024-01-08;100590;13.757791
2024-01-09;100590;14.110278
2024-01-10;100590;16.020876
2024-01-11;100590;15.698604
2024-01-12;100590;21.700983
2024-01-13;100590;24.411118
2024-01-14;100590;23.310709
2024-01-15;100590;13.757791
2024-01-16;100590;14.110278
2024-01-17;100590;16.020876
2024-01-18;100590;15.698604
2024-01-19;100590;21.700983
2024-01-20;100590;24.411118
2024-01-21;100590;23.310709
2024-01-22;100590;13.757791
2024-01-23;100590;14.110278
2024-01-24;100590;16.020876
2024-01-25;100590;15.698604
2024-01-26;100590;21.700983
2024-01-27;100590;24.411118
2024-01-28;100590;23.310709
2024-01-29;100590;13.757791
2024-01-30;100590;14.110278
2024-01-31;100590;16.020876
2024-01-01;100591;2.5807705
2024-01-02;100591;2.933257
2024-01-03;100591;3.5669978
2024-01-04;100591;3.2447288
2024-01-05;100591;5.0774245
2024-01-06;100591;7.7875614
2024-01-07;100591;6.687156
2024-01-08;100591;2.5807705
2024-01-09;100591;2.933257
2024-01-10;100591;3.5669978
2024-01-11;100591;3.2447288
2024-01-12;100591;5.0774245
2024-01-13;100591;7.7875614
2024-01-14;100591;6.687156
2024-01-15;100591;2.5807705
2024-01-16;100591;2.933257
2024-01-17;100591;3.5669978
2024-01-18;100591;3.2447288
2024-01-19;100591;5.0774245
2024-01-20;100591;7.7875614
2024-01-21;100591;6.687156
2024-01-22;100591;2.5807705
2024-01-23;100591;2.933257
2024-01-24;100591;3.5669978
2024-01-25;100591;3.2447288
2024-01-26;100591;5.0774245
2024-01-27;100591;7.7875614
2024-01-28;100591;6.687156
2024-01-29;100591;2.5807705
2024-01-30;100591;2.933257
2024-01-31;100591;3.5669978
2024-01-01;100596;2.7723184
2024-01-02;100596;2.2055726
2024-01-03;100596;1.9601963
2024-01-04;100596;2.6443899
2024-01-05;100596;6.9250226
2024-01-06;100596;8.016063
2024-01-07;100596;7.0183477
2024-01-08;100596;2.7723184
2024-01-09;100596;2.2055726
2024-01-10;100596;1.9601963
2024-01-11;100596;2.6443899
2024-01-12;100596;6.9250226
2024-01-13;100596;8.016063
2024-01-14;100596;7.0183477
2024-01-15;100596;2.7723184
2024-01-16;100596;2.2055726
2024-01-17;100596;1.9601963
2024-01-18;100596;3.2447288
2024-01-19;100596;5.0774245
2024-01-20;100596;7.7875614
2024-01-21;100596;6.687156
2024-01-22;100596;2.5807705
2024-01-23;100596;2.933257
2024-01-24;100596;3.5669978
2024-01-25;100596;3.2447288
2024-01-26;100596;5.0774245
2024-01-27;100596;7.7875614
2024-01-28;100596;6.687156
2024-01-29;100596;2.5807705
2024-01-30;100596;2.933257
2024-01-31;100596;3.5669978
2024-01-01;100601;5.3886056
2024-01-02;100601;5.7410927
2024-01-03;100601;6.3748307
2024-01-04;100601;6.052563
2024-01-05;100601;7.885256
2024-01-06;100601;10.5954
2024-01-07;100601;9.494997
2024-01-08;100601;5.3886056
2024-01-09;100601;5.7410927
2024-01-10;100601;6.3748307
2024-01-11;100601;6.052563
2024-01-12;100601;7.885256
2024-01-13;100601;10.5954
2024-01-14;100601;9.494997
2024-01-15;100601;5.3886056
2024-01-16;100601;5.7410927
2024-01-17;100601;6.3748307
2024-01-18;100601;6.052563
2024-01-19;100601;7.885256
2024-01-20;100601;10.5954
2024-01-21;100601;9.494997
2024-01-22;100601;5.3886056
2024-01-23;100601;5.7410927
2024-01-24;100601;6.3748307
2024-01-25;100601;6.052563
2024-01-26;100601;7.885256
2024-01-27;100601;10.5954
2024-01-28;100601;9.494997
2024-01-29;100601;5.3886056
2024-01-30;100601;5.7410927
2024-01-31;100601;6.3748307
2024-01-01;100602;5.899542
2024-01-02;100602;6.2520285
2024-01-03;100602;7.093077
2024-01-04;100602;7.261968
2024-01-05;100602;9.094663
2024-01-06;100602;11.804803
2024-01-07;100602;10.7044
2024-01-08;100602;5.899542
2024-01-09;100602;6.2520285
2024-01-10;100602;7.093077
2024-01-11;100602;7.261968
2024-01-12;100602;9.094663
2024-01-13;100602;11.804803
2024-01-14;100602;10.7044
2024-01-15;100602;5.899542
2024-01-16;100602;6.2520285
2024-01-17;100602;7.093077
2024-01-18;100602;7.261968
2024-01-19;100602;9.094663
2024-01-20;100602;11.804803
2024-01-21;100602;10.7044
2024-01-22;100602;5.899542
2024-01-23;100602;6.2520285
2024-01-24;100602;7.093077
2024-01-25;100602;7.261968
2024-01-26;100602;9.094663
2024-01-27;100602;11.804803
2024-01-28;100602;10.7044
2024-01-29;100602;5.899542
2024-01-30;100602;6.2520285
2024-01-31;100602;7.093077
2024-01-01;100604;5.899542
2024-01-02;100604;6.2520285
2024-01-03;100604;7.093077
2024-01-04;100604;7.261968
2024-01-05;100604;9.094663
2024-01-06;100604;11.804803
2024-01-07;100604;10.7044
2024-01-08;100604;5.899542
2024-01-09;100604;6.2520285
2024-01-10;100604;7.093077
2024-01-11;100604;7.261968
2024-01-12;100604;9.094663
2024-01-13;100604;11.804803
2024-01-14;100604;10.7044
2024-01-15;100604;5.899542
2024-01-16;100604;6.2520285
2024-01-17;100604;7.093077
2024-01-18;100604;7.261968
2024-01-19;100604;9.094663
2024-01-20;100604;11.804803
2024-01-21;100604;10.7044
2024-01-22;100604;5.899542
2024-01-23;100604;6.2520285
2024-01-24;100604;7.093077
2024-01-25;100604;7.261968
2024-01-26;100604;9.094663
2024-01-27;100604;11.804803
2024-01-28;100604;10.7044
2024-01-29;100604;5.899542
2024-01-30;100604;6.2520285
2024-01-31;100604;7.093077
2024-01-01;100607;5.3001633
2024-01-02;100607;5.5851583
2024-01-03;100607;6.426207
2024-01-04;100607;6.3434944
2024-01-05;100607;8.176187
2024-01-06;100607;10.886327
2024-01-07;100607;9.785924
2024-01-08;100607;5.3001633
2024-01-09;100607;5.5851583
2024-01-10;100607;6.426207
2024-01-11;100607;6.3434944
2024-01-12;100607;8.176187
2024-01-13;100607;10.886327
2024-01-14;100607;9.785924
2024-01-15;100607;5.3001633
2024-01-16;100607;5.5851583
2024-01-17;100607;6.426207
2024-01-18;100607;6.3434944
2024-01-19;100607;8.176187
2024-01-20;100607;10.886327
2024-01-21;100607;9.785924
2024-01-22;100607;5.3001633
2024-01-23;100607;5.5851583
2024-01-24;100607;6.426207
2024-01-25;100607;6.3434944
2024-01-26;100607;8.176187
2024-01-27;100607;10.886327
2024-01-28;100607;9.785924
2024-01-29;100607;5.3001633
2024-01-30;100607;5.5851583
2024-01-31;100607;6.426207
2024-01-01;100611;14.057633
2024-01-02;100611;14.34263
2024-01-03;100611;15.113822
2024-01-04;100611;16.704235
2024-01-05;100611;18.536938
2024-01-06;100611;22.98275
2024-01-07;100611;21.882343
2024-01-08;100611;14.057633
2024-01-09;100611;14.34263
2024-01-10;100611;15.113822
2024-01-11;100611;16.704235
2024-01-12;100611;18.536938
2024-01-13;100611;22.98275
2024-01-14;100611;21.882343
2024-01-15;100611;14.057633
2024-01-16;100611;14.34263
2024-01-17;100611;15.113822
2024-01-18;100611;16.704235
2024-01-19;100611;18.536938
2024-01-20;100611;22.98275
2024-01-21;100611;21.882343
2024-01-22;100611;14.057633
2024-01-23;100611;14.34263
2024-01-24;100611;15.113822
2024-01-25;100611;16.704235
2024-01-26;100611;18.536938
2024-01-27;100611;22.98275
2024-01-28;100611;21.882343
2024-01-29;100611;14.057633
2024-01-30;100611;14.34263
2024-01-31;100611;15.113822
2024-01-01;100612;6.2967553
2024-01-02;100612;6.5817504
2024-01-03;100612;7.1300807
2024-01-04;100612;6.807813
2024-01-05;100612;8.272396
2024-01-06;100612;10.414522
2024-01-07;100612;7.896829
2024-01-08;100612;6.2967553
2024-01-09;100612;6.5817504
2024-01-10;100612;7.1300807
2024-01-11;100612;6.807813
2024-01-12;100612;8.272396
2024-01-13;100612;10.414522
2024-01-14;100612;7.896829
2024-01-15;100612;6.2967553
2024-01-16;100612;6.5817504
2024-01-17;100612;7.1300807
2024-01-18;100612;6.807813
2024-01-19;100612;8.272396
2024-01-20;100612;10.414522
2024-01-21;100612;7.896829
2024-01-22;100612;6.2967553
2024-01-23;100612;6.5817504
2024-01-24;100612;7.1300807
2024-01-25;100612;6.807813
2024-01-26;100612;8.272396
2024-01-27;100612;10.414522
2024-01-28;100612;7.896829
2024-01-29;100612;6.2967553
2024-01-30;100612;6.5817504
2024-01-31;100612;7.1300807
2024-01-01;100613;2.2828176
2024-01-02;100613;2.5678132
2024-01-03;100613;3.1161427
2024-01-04;100613;2.793875
2024-01-05;100613;4.2584605
2024-01-06;100613;5.784603
2024-01-07;100613;3.7634926
2024-01-08;100613;2.2828176
2024-01-09;100613;2.5678132
2024-01-10;100613;3.1161427
2024-01-11;100613;2.793875
2024-01-12;100613;4.2584605
2024-01-13;100613;5.784603
2024-01-14;100613;3.7634926
2024-01-15;100613;2.2828176
2024-01-16;100613;2.5678132
2024-01-17;100613;3.1161427
2024-01-18;100613;2.793875
2024-01-19;100613;4.2584605
2024-01-20;100613;5.784603
2024-01-21;100613;3.7634926
2024-01-22;100613;2.2828176
2024-01-23;100613;2.5678132
2024-01-24;100613;3.1161427
2024-01-25;100613;2.793875
2024-01-26;100613;4.2584605
2024-01-27;100613;5.784603
2024-01-28;100613;3.7634926
2024-01-29;100613;2.2828176
2024-01-30;100613;2.5678132
2024-01-31;100613;3.1161427
2024-01-01;100614;2.2828176
2024-01-02;100614;2.5678132
2024-01-03;100614;3.1161427
2024-01-04;100614;2.793875
2024-01-05;100614;4.2584605
2024-01-06;100614;5.784603
2024-01-07;100614;3.7634926
2024-01-08;100614;2.2828176
2024-01-09;100614;2.5678132
2024-01-10;100614;3.1161427
2024-01-11;100614;2.793875
2024-01-12;100614;4.2584605
2024-01-13;100614;5.784603
2024-01-14;100614;3.7634926
2024-01-15;100614;2.2828176
2024-01-16;100614;2.5678132
2024-01-17;100614;3.1161427
2024-01-18;100614;2.793875
2024-01-19;100614;4.2584605
2024-01-20;100614;5.784603
2024-01-21;100614;3.7634926
2024-01-22;100614;2.2828176
2024-01-23;100614;2.5678132
2024-01-24;100614;3.1161427
2024-01-25;100614;2.793875
2024-01-26;100614;4.2584605
2024-01-27;100614;5.784603
2024-01-28;100614;3.7634926
2024-01-29;100614;2.2828176
2024-01-30;100614;2.5678132
2024-01-31;100614;3.1161427
2024-01-01;100621;2.2828176
2024-01-02;100621;2.5678132
2024-01-03;100621;3.1161427
2024-01-04;100621;2.793875
2024-01-05;100621;4.2584605
2024-01-06;100621;5.784603
2024-01-07;100621;3.7634926
2024-01-08;100621;2.2828176
2024-01-09;100621;2.5678132
2024-01-10;100621;3.1161427
2024-01-11;100621;2.793875
2024-01-12;100621;4.2584605
2024-01-13;100621;5.784603
2024-01-14;100621;3.7634926
2024-01-15;100621;2.2828176
2024-01-16;100621;2.5678132
2024-01-17;100621;3.1161427
2024-01-18;100621;2.793875
2024-01-19;100621;4.2584605
2024-01-20;100621;5.784603
2024-01-21;100621;3.7634926
2024-01-22;100621;2.2828176
2024-01-23;100621;2.5678132
2024-01-24;100621;3.1161427
2024-01-25;100621;2.793875
2024-01-26;100621;4.2584605
2024-01-27;100621;5.784603
2024-01-28;100621;3.7634926
2024-01-29;100621;2.2828176
2024-01-30;100621;2.5678132
2024-01-31;100621;3.1161427
2024-01-01;100638;35.161526
2024-01-02;100638;35.357433
2024-01-03;100638;35.47907
2024-01-04;100638;35.939526
2024-01-05;100638;57.828094
2024-01-06;100638;61.725117
2024-01-07;100638;51.836792
2024-01-08;100638;35.161526
2024-01-09;100638;35.357433
2024-01-10;100638;35.47907
2024-01-11;100638;2.493282
2024-01-12;100638;3.9578686
2024-01-13;100638;5.4840107
2024-01-14;100638;3.4629004
2024-01-15;100638;1.9822241
2024-01-16;100638;2.2672203
2024-01-17;100638;2.8155499
2024-01-18;100638;2.493282
2024-01-19;100638;3.9578686
2024-01-20;100638;5.4840107
2024-01-21;100638;3.4629004
2024-01-22;100638;1.9822241
2024-01-23;100638;2.2672203
2024-01-24;100638;2.8155499
2024-01-25;100638;2.493282
2024-01-26;100638;3.9578686
2024-01-27;100638;5.4840107
2024-01-28;100638;3.4629004
2024-01-29;100638;1.9822241
2024-01-30;100638;2.2672203
2024-01-31;100638;2.8155499
2024-01-01;100639;3.074852
2024-01-02;100639;3.3598475
2024-01-03;100639;3.9081771
2024-01-04;100639;3.5859094
2024-01-05;100639;5.050495
2024-01-06;100639;5.9436913
2024-01-07;100639;4.0521502
2024-01-08;100639;3.074852
2024-01-09;100639;3.3598475
2024-01-10;100639;3.9081771
2024-01-11;100639;3.5859094
2024-01-12;100639;5.050495
2024-01-13;100639;5.9436913
2024-01-14;100639;4.0521502
2024-01-15;100639;3.074852
2024-01-16;100639;3.3598475
2024-01-17;100639;3.9081771
2024-01-18;100639;3.5859094
2024-01-19;100639;5.050495
2024-01-20;100639;5.9436913
2024-01-21;100639;4.0521502
2024-01-22;100639;3.074852
2024-01-23;100639;3.3598475
2024-01-24;100639;3.9081771
2024-01-25;100639;3.5859094
2024-01-26;100639;5.050495
2024-01-27;100639;5.9436913
2024-01-28;100639;4.0521502
2024-01-29;100639;3.074852
2024-01-30;100639;3.3598475
2024-01-31;100639;3.9081771
2024-01-01;100644;-0.22632185
2024-01-02;100644;0.058673408
2024-01-03;100644;0.6070035
2024-01-04;100644;0.2847354
2024-01-05;100644;1.640849
2024-01-06;100644;4.244378
2024-01-07;100644;2.3528364
2024-01-08;100644;-0.22632185
2024-01-09;100644;2.14332
2024-01-10;100644;1.8125371
2024-01-11;100644;5.4248285
2024-01-12;100644;8.186255
2024-01-13;100644;9.489219
2024-01-14;100644;8.480906
2024-01-15;100644;5.386613
2024-01-16;100644;4.752376
2024-01-17;100644;4.740637
2024-01-18;100644;0.2847354
2024-01-19;100644;1.640849
2024-01-20;100644;4.244378
2024-01-21;100644;2.3528364
2024-01-22;100644;-0.22632185
2024-01-23;100644;0.058673408
2024-01-24;100644;0.6070035
2024-01-25;100644;0.2847354
2024-01-26;100644;1.640849
2024-01-27;100644;4.244378
2024-01-28;100644;2.3528364
2024-01-29;100644;-0.22632185
2024-01-30;100644;0.058673408
2024-01-31;100644;0.6070035
2024-01-01;100645;28.216806
2024-01-02;100645;28.412714
2024-01-03;100645;28.391727
2024-01-04;100645;28.852186
2024-01-05;100645;50.740776
2024-01-06;100645;55.71519
2024-01-07;100645;45.956432
2024-01-08;100645;28.216806
2024-01-09;100645;28.412714
2024-01-10;100645;28.391727
2024-01-11;100645;1.1211047
2024-01-12;100645;2.5856898
2024-01-13;100645;5.189218
2024-01-14;100645;3.2976773
2024-01-15;100645;0.7526584
2024-01-16;100645;1.0376543
2024-01-17;100645;1.4433727
2024-01-18;100645;1.1211047
2024-01-19;100645;2.5856898
2024-01-20;100645;5.189218
2024-01-21;100645;3.2976773
2024-01-22;100645;0.7526584
2024-01-23;100645;1.0376543
2024-01-24;100645;1.4433727
2024-01-25;100645;1.1211047
2024-01-26;100645;2.5856898
2024-01-27;100645;5.189218
2024-01-28;100645;3.2976773
2024-01-29;100645;0.7526584
2024-01-30;100645;1.0376543
2024-01-31;100645;1.4433727
2024-01-01;100646;2.8464012
2024-01-02;100646;3.1313968
2024-01-03;100646;3.4461834
2024-01-04;100646;3.1239157
2024-01-05;100646;4.3187075
2024-01-06;100646;5.637945
2024-01-07;100646;3.9090068
2024-01-08;100646;2.8464012
2024-01-09;100646;3.1313968
2024-01-10;100646;3.4461834
2024-01-11;100646;3.1239157
2024-01-12;100646;4.3187075
2024-01-13;100646;5.637945
2024-01-14;100646;3.9090068
2024-01-15;100646;2.8464012
2024-01-16;100646;3.1313968
2024-01-17;100646;3.4461834
2024-01-18;100646;3.1239157
2024-01-19;100646;4.3187075
2024-01-20;100646;5.637945
2024-01-21;100646;3.9090068
2024-01-22;100646;2.8464012
2024-01-23;100646;3.1313968
2024-01-24;100646;3.4461834
2024-01-25;100646;3.1239157
2024-01-26;100646;4.3187075
2024-01-27;100646;5.637945
2024-01-28;100646;3.9090068
2024-01-29;100646;2.8464012
2024-01-30;100646;3.1313968
2024-01-31;100646;3.4461834
2024-01-01;100648;0.8040337
2024-01-02;100648;1.0890296
2024-01-03;100648;1.4038157
2024-01-04;100648;1.0815477
2024-01-05;100648;2.2763422
2024-01-06;100648;3.5955746
2024-01-07;100648;1.8666368
2024-01-08;100648;0.8040337
2024-01-09;100648;2.7307107
2024-01-10;100648;2.1663845
2024-01-11;100648;5.778675
2024-01-12;100648;8.378782
2024-01-13;100648;8.39745
2024-01-14;100648;7.55174
2024-01-15;100648;5.9740014
2024-01-16;100648;5.3397646
2024-01-17;100648;5.0944824
2024-01-18;100648;1.0815477
2024-01-19;100648;2.2763422
2024-01-20;100648;3.5955746
2024-01-21;100648;1.8666368
2024-01-22;100648;0.8040337
2024-01-23;100648;1.0890296
2024-01-24;100648;1.4038157
2024-01-25;100648;1.0815477
2024-01-26;100648;2.2763422
2024-01-27;100648;3.5955746
2024-01-28;100648;1.8666368
2024-01-29;100648;0.8040337
2024-01-30;100648;1.0890296
2024-01-31;100648;1.4038157
2024-01-01;100650;10.258019
2024-01-02;100650;9.947747
2024-01-03;100650;9.443681
2024-01-04;100650;9.904141
2024-01-05;100650;13.123061
2024-01-06;100650;13.45095
2024-01-07;100650;10.043274
2024-01-08;100650;10.258019
2024-01-09;100650;9.947747
2024-01-10;100650;9.443681
2024-01-11;100650;2.5032847
2024-01-12;100650;3.6980805
2024-01-13;100650;5.0173154
2024-01-14;100650;3.629114
2024-01-15;100650;2.225771
2024-01-16;100650;2.5107667
2024-01-17;100650;2.8255525
2024-01-18;100650;2.5032847
2024-01-19;100650;3.6980805
2024-01-20;100650;5.0173154
2024-01-21;100650;3.629114
2024-01-22;100650;2.225771
2024-01-23;100650;2.5107667
2024-01-24;100650;2.8255525
2024-01-25;100650;2.5032847
2024-01-26;100650;3.6980805
2024-01-27;100650;5.0173154
2024-01-28;100650;3.629114
2024-01-29;100650;2.225771
2024-01-30;100650;9.947747
2024-01-31;100650;9.443681
2024-01-01;100651;0.81519556
2024-01-02;100651;1.0259789
2024-01-03;100651;1.3407652
2024-01-04;100651;1.0184972
2024-01-05;100651;1.2545311
2024-01-06;100651;2.4514983
2024-01-07;100651;1.0632999
2024-01-08;100651;0.81519556
2024-01-09;100651;1.0259789
2024-01-10;100651;1.3407652
2024-01-11;100651;1.0184972
2024-01-12;100651;1.2545311
2024-01-13;100651;2.4514983
2024-01-14;100651;1.0632999
2024-01-15;100651;0.81519556
2024-01-16;100651;1.0259789
2024-01-17;100651;1.3407652
2024-01-18;100651;3.1672852
2024-01-19;100651;5.7044635
2024-01-20;100651;5.6008663
2024-01-21;100651;4.1525903
2024-01-22;100651;3.7558675
2024-01-23;100651;3.0474174
2024-01-24;100651;2.483092
2024-01-25;100651;3.1672852
2024-01-26;100651;5.7044635
2024-01-27;100651;5.6008663
2024-01-28;100651;4.1525903
2024-01-29;100651;3.7558675
2024-01-30;100651;3.0474174
2024-01-31;100651;2.483092
2024-01-01;100656;2.28481
2024-01-02;100656;1.5763601
2024-01-03;100656;0.8216682
2024-01-04;100656;1.5058618
2024-01-05;100656;3.0995986
2024-01-06;100656;2.7491152
2024-01-07;100656;1.1009434
2024-01-08;100656;2.28481
2024-01-09;100656;1.5763601
2024-01-10;100656;0.8216682
2024-01-11;100656;1.0184972
2024-01-12;100656;1.2545311
2024-01-13;100656;2.4514983
2024-01-14;100656;1.0632999
2024-01-15;100656;0.81519556
2024-01-16;100656;1.0259789
2024-01-17;100656;1.3407652
2024-01-18;100656;1.0184972
2024-01-19;100656;1.2545311
2024-01-20;100656;2.4514983
2024-01-21;100656;1.0632999
2024-01-22;100656;0.81519556
2024-01-23;100656;1.0259789
2024-01-24;100656;1.3407652
2024-01-25;100656;1.0184972
2024-01-26;100656;1.2545311
2024-01-27;100656;2.4514983
2024-01-28;100656;1.0632999
2024-01-29;100656;0.81519556
2024-01-30;100656;1.0259789
2024-01-31;100656;1.3407652
2024-01-01;100657;0.81519556
2024-01-02;100657;1.0259789
2024-01-03;100657;1.3407652
2024-01-04;100657;1.0184972
2024-01-05;100657;1.2545311
2024-01-06;100657;2.4514983
2024-01-07;100657;1.0632999
2024-01-08;100657;0.81519556
2024-01-09;100657;1.0259789
2024-01-10;100657;1.3407652
2024-01-11;100657;1.0184972
2024-01-12;100657;1.2545311
2024-01-13;100657;2.4514983
2024-01-14;100657;1.0632999
2024-01-15;100657;0.81519556
2024-01-16;100657;1.0259789
2024-01-17;100657;1.3407652
2024-01-18;100657;1.0184972
2024-01-19;100657;1.2545311
2024-01-20;100657;2.4514983
2024-01-21;100657;1.0632999
2024-01-22;100657;0.81519556
2024-01-23;100657;1.0259789
2024-01-24;100657;1.3407652
2024-01-25;100657;1.0184972
2024-01-26;100657;1.2545311
2024-01-27;100657;2.4514983
2024-01-28;100657;1.0632999
2024-01-29;100657;0.81519556
2024-01-30;100657;1.0259789
2024-01-31;100657;1.3407652
2024-01-01;100662;0.81519556
2024-01-02;100662;1.0259789
2024-01-03;100662;1.3407652
2024-01-04;100662;1.0184972
2024-01-05;100662;1.2545311
2024-01-06;100662;2.4514983
2024-01-07;100662;1.0632999
2024-01-08;100662;0.81519556
2024-01-09;100662;1.0259789
2024-01-10;100662;1.3407652
2024-01-11;100662;1.0184972
2024-01-12;100662;1.2545311
2024-01-13;100662;2.4514983
2024-01-14;100662;1.0632999
2024-01-15;100662;0.81519556
2024-01-16;100662;1.0259789
2024-01-17;100662;5.551043
2024-01-18;100662;6.0115023
2024-01-19;100662;7.6615314
2024-01-20;100662;7.6747866
2024-01-21;100662;4.0672097
2024-01-22;100662;6.43959
2024-01-23;100662;6.055104
2024-01-24;100662;5.551043
2024-01-25;100662;6.0115023
2024-01-26;100662;7.6615314
2024-01-27;100662;7.6747866
2024-01-28;100662;4.0672097
2024-01-29;100662;6.43959
2024-01-30;100662;6.055104
2024-01-31;100662;5.551043
2024-01-01;100663;0.81519556
2024-01-02;100663;1.0259789
2024-01-03;100663;1.3407652
2024-01-04;100663;1.0184972
2024-01-05;100663;1.2545311
2024-01-06;100663;2.4514983
2024-01-07;100663;1.0632999
2024-01-08;100663;0.81519556
2024-01-09;100663;1.0259789
2024-01-10;100663;1.3407652
2024-01-11;100663;1.0184972
2024-01-12;100663;1.2545311
2024-01-13;100663;2.4514983
2024-01-14;100663;1.0632999
2024-01-15;100663;0.81519556
2024-01-16;100663;1.0259789
2024-01-17;100663;7.61406
2024-01-18;100663;8.074522
2024-01-19;100663;10.262784
2024-01-20;100663;10.522923
2024-01-21;100663;8.058553
2024-01-22;100663;8.183566
2024-01-23;100663;7.7990756
2024-01-24;100663;7.61406
2024-01-25;100663;8.074522
2024-01-26;100663;10.262784
2024-01-27;100663;10.522923
2024-01-28;100663;8.058553
2024-01-29;100663;8.183566
2024-01-30;100663;7.7990756
2024-01-31;100663;7.61406
2024-01-01;100664;0.81519556
2024-01-02;100664;1.0259789
2024-01-03;100664;1.3407652
2024-01-04;100664;1.0184972
2024-01-05;100664;1.2545311
2024-01-06;100664;2.4514983
2024-01-07;100664;1.0632999
2024-01-08;100664;0.81519556
2024-01-09;100664;1.0259789
2024-01-10;100664;1.3407652
2024-01-11;100664;1.0184972
2024-01-12;100664;1.2545311
2024-01-13;100664;2.4514983
2024-01-14;100664;1.0632999
2024-01-15;100664;0.81519556
2024-01-16;100664;1.0259789
2024-01-17;100664;5.551043
2024-01-18;100664;6.0115023
2024-01-19;100664;7.6615314
2024-01-20;100664;7.6747866
2024-01-21;100664;4.0672097
2024-01-22;100664;6.43959
2024-01-23;100664;6.055104
2024-01-24;100664;5.551043
2024-01-25;100664;6.0115023
2024-01-26;100664;7.6615314
2024-01-27;100664;7.6747866
2024-01-28;100664;4.0672097
2024-01-29;100664;6.43959
2024-01-30;100664;6.055104
2024-01-31;100664;5.551043
2024-01-01;100665;0.81519556
2024-01-02;100665;1.0259789
2024-01-03;100665;1.3407652
2024-01-04;100665;1.0184972
2024-01-05;100665;1.2545311
2024-01-06;100665;2.4514983
2024-01-07;100665;1.0632999
2024-01-08;100665;0.81519556
2024-01-09;100665;1.0259789
2024-01-10;100665;1.3407652
2024-01-11;100665;1.0184972
2024-01-12;100665;1.2545311
2024-01-13;100665;2.4514983
2024-01-14;100665;1.0632999
2024-01-15;100665;0.81519556
2024-01-16;100665;1.0259789
2024-01-17;100665;5.803484
2024-01-18;100665;6.263943
2024-01-19;100665;8.377311
2024-01-20;100665;8.582934
2024-01-21;100665;5.1752543
2024-01-22;100665;6.692031
2024-01-23;100665;6.3075447
2024-01-24;100665;5.803484
2024-01-25;100665;6.263943
2024-01-26;100665;8.377311
2024-01-27;100665;8.582934
2024-01-28;100665;5.1752543
2024-01-29;100665;6.692031
2024-01-30;100665;6.3075447
2024-01-31;100665;5.803484
2024-01-01;100668;0.81519556
2024-01-02;100668;1.0259789
2024-01-03;100668;1.3407652
2024-01-04;100668;1.0184972
2024-01-05;100668;1.2545311
2024-01-06;100668;2.4514983
2024-01-07;100668;1.0632999
2024-01-08;100668;0.81519556
2024-01-09;100668;1.0259789
2024-01-10;100668;26.7089
2024-01-11;100668;27.16936
2024-01-12;100668;47.68259
2024-01-13;100668;51.250446
2024-01-14;100668;41.99503
2024-01-15;100668;26.699123
2024-01-16;100668;26.820818
2024-01-17;100668;26.7089
2024-01-18;100668;1.0184972
2024-01-19;100668;1.2545311
2024-01-20;100668;2.4514983
2024-01-21;100668;1.0632999
2024-01-22;100668;0.81519556
2024-01-23;100668;1.0259789
2024-01-24;100668;1.3407652
2024-01-25;100668;1.0184972
2024-01-26;100668;1.2545311
2024-01-27;100668;2.4514983
2024-01-28;100668;1.0632999
2024-01-29;100668;0.81519556
2024-01-30;100668;1.0259789
2024-01-31;100668;1.3407652
2024-01-01;100683;0.9162327
2024-01-02;100683;1.1270162
2024-01-03;100683;1.4418023
2024-01-04;100683;1.1195343
2024-01-05;100683;1.3555675
2024-01-06;100683;2.5525348
2024-01-07;100683;1.1643362
2024-01-08;100683;0.9162327
2024-01-09;100683;1.3789811
2024-01-10;100683;0.95746976
2024-01-11;100683;1.6068988
2024-01-12;100683;3.2006357
2024-01-13;100683;2.8501518
2024-01-14;100683;1.2019802
2024-01-15;100683;2.3858464
2024-01-16;100683;1.6773973
2024-01-17;100683;0.9227055
2024-01-18;100683;1.1195343
2024-01-19;100683;1.3555675
2024-01-20;100683;2.5525348
2024-01-21;100683;1.1643362
2024-01-22;100683;0.9162327
2024-01-23;100683;1.1270162
2024-01-24;100683;1.4418023
2024-01-25;100683;1.1195343
2024-01-26;100683;1.3555675
2024-01-27;100683;2.5525348
2024-01-28;100683;1.1643362
2024-01-29;100683;0.9162327
2024-01-30;100683;1.1270162
2024-01-31;100683;1.4418023
2024-01-01;100686;1.5701747
2024-01-02;100686;1.7809578
2024-01-03;100686;2.0957441
2024-01-04;100686;1.7734762
2024-01-05;100686;2.0095108
2024-01-06;100686;3.2796264
2024-01-07;100686;1.8914274
2024-01-08;100686;1.5701747
2024-01-09;100686;1.034844
2024-01-10;100686;0.61333287
2024-01-11;100686;1.1813875
2024-01-12;100686;2.4688325
2024-01-13;100686;3.332754
2024-01-14;100686;0.8108645
2024-01-15;100686;1.7263865
2024-01-16;100686;1.034844
2024-01-17;100686;0.61333287
2024-01-18;100686;1.7734762
2024-01-19;100686;2.0095108
2024-01-20;100686;3.2796264
2024-01-21;100686;1.8914274
2024-01-22;100686;1.5701747
2024-01-23;100686;1.7809578
2024-01-24;100686;2.0957441
2024-01-25;100686;1.7734762
2024-01-26;100686;2.0095108
2024-01-27;100686;3.2796264
2024-01-28;100686;1.8914274
2024-01-29;100686;1.5701747
2024-01-30;100686;1.7809578
2024-01-31;100686;2.0957441
2024-01-01;100691;1.4537544
2024-01-02;100691;1.6645375
2024-01-03;100691;1.979324
2024-01-04;100691;1.657056
2024-01-05;100691;1.8930906
2024-01-06;100691;3.163206
2024-01-07;100691;1.7750071
2024-01-08;100691;1.4537544
2024-01-09;100691;1.6645375
2024-01-10;100691;1.979324
2024-01-11;100691;1.657056
2024-01-12;100691;1.8930906
2024-01-13;100691;3.163206
2024-01-14;100691;1.7750071
2024-01-15;100691;1.4537544
2024-01-16;100691;1.6645375
2024-01-17;100691;1.979324
2024-01-18;100691;6.2016344
2024-01-19;100691;7.6961823
2024-01-20;100691;7.6657357
2024-01-21;100691;7.160767
2024-01-22;100691;6.5873117
2024-01-23;100691;5.878863
2024-01-24;100691;5.6335797
2024-01-25;100691;6.2016344
2024-01-26;100691;7.6961823
2024-01-27;100691;7.6657357
2024-01-28;100691;7.160767
2024-01-29;100691;6.5873117
2024-01-30;100691;5.878863
2024-01-31;100691;5.6335797
